date,product_code,sold_quantity,product,variant,gross_price,gross_price_total
2020-09-01,A0118150101,202,"AQ Dracula HDD – 3.5 Inch SATA 6 Gb/s 5400 RPM 256 MB Cache",Standard,19.0573,3849.57
2020-09-01,A0118150102,162,"AQ Dracula HDD – 3.5 Inch SATA 6 Gb/s 5400 RPM 256 MB Cache",Plus,21.4565,3475.95
2020-09-01,A0118150103,193,"AQ Dracula HDD – 3.5 Inch SATA 6 Gb/s 5400 RPM 256 MB Cache",Premium,21.7795,4203.44
2020-09-01,A0118150104,146,"AQ Dracula HDD – 3.5 Inch SATA 6 Gb/s 5400 RPM 256 MB Cache","Premium Plus",22.9729,3354.04
2020-09-01,A0219150201,149,"AQ WereWolf NAS Internal Hard Drive HDD – 8.89 cm",Standard,23.6987,3531.11
2020-09-01,A0219150202,107,"AQ WereWolf NAS Internal Hard Drive HDD – 8.89 cm",Plus,24.7312,2646.24
2020-09-01,A0220150203,123,"AQ WereWolf NAS Internal Hard Drive HDD – 8.89 cm",Premium,23.6154,2904.69
2020-09-01,A0320150301,146,"AQ Zion Saga",Standard,23.7223,3463.46
2020-09-01,A0321150302,236,"AQ Zion Saga",Plus,27.1027,6396.24
2020-09-01,A0321150303,137,"AQ Zion Saga",Premium,28.0059,3836.81
2020-09-01,A0418150103,23,"AQ Mforce Gen X","Standard 3",19.5235,449.04
2020-09-01,A0418150104,82,"AQ Mforce Gen X","Plus 1",19.9239,1633.76
2020-09-01,A0418150105,86,"AQ Mforce Gen X","Plus 2",20.0766,1726.59
2020-09-01,A0418150106,48,"AQ Mforce Gen X","Plus 3",19.9365,956.95
2020-09-01,A0519150201,138,"AQ Mforce Gen Y","Standard 1",22.3984,3090.98
2020-09-01,A0519150202,72,"AQ Mforce Gen Y","Standard 2",24.9298,1794.95
2020-09-01,A0519150203,38,"AQ Mforce Gen Y","Standard 3",26.5871,1010.31
2020-09-01,A0519150204,149,"AQ Mforce Gen Y","Plus 1",26.1081,3890.11
2020-09-01,A0519150205,29,"AQ Mforce Gen Y","Plus 2",29.7008,861.32
2020-09-01,A0519150206,28,"AQ Mforce Gen Y","Plus 3",31.2439,874.83
2020-09-01,A0519150207,171,"AQ Mforce Gen Y","Premium 1",32.4427,5547.70
2020-09-01,A0519150208,118,"AQ Mforce Gen Y","Premium 2",30.5816,3608.63
2020-09-01,A0619150301,51,"AQ Mforce Gen Z","Standard 1",30.4696,1553.95
2020-09-01,A0619150302,191,"AQ Mforce Gen Z","Standard 2",34.0973,6512.58
2020-09-01,A0620150303,167,"AQ Mforce Gen Z","Standard 3",34.2412,5718.28
2020-09-01,A0620150304,122,"AQ Mforce Gen Z","Plus 1",37.5826,4585.08
2020-09-01,A0620150305,173,"AQ Mforce Gen Z","Plus 2",36.5679,6326.25
2020-09-01,A0620150306,182,"AQ Mforce Gen Z","Plus 3",37.5278,6830.06
2020-09-01,A0621150307,177,"AQ Mforce Gen Z","Premium 1",36.2434,6415.08
2020-09-01,A0621150308,166,"AQ Mforce Gen Z","Premium 2",39.3990,6540.23
2020-09-01,A0721150401,22,"AQ GT 21",Standard,39.3377,865.43
2020-09-01,A0721150402,62,"AQ GT 21","Plus 1",39.1465,2427.08
2020-09-01,A0721150403,57,"AQ GT 21","Plus 2",39.2990,2240.04
2020-09-01,A0721150404,182,"AQ GT 21",Premium,39.1215,7120.11
2020-09-01,A0821150501,120,"AQ Marquee P3",Standard,40.5013,4860.16
2020-09-01,A0821150502,106,"AQ Marquee P3","Plus 1",43.2966,4589.44
2020-09-01,A0821150503,172,"AQ Marquee P3","Plus 2",42.3841,7290.07
2020-09-01,A0821150504,197,"AQ Marquee P3",Premium,44.7044,8806.77
2020-09-01,A0921150601,56,"AQ Marquee P4",Standard,45.0813,2524.55
2020-09-01,A1018150101,91,"AQ 5000 Series Electron 9 5900X Desktop Processor",Standard,111.1036,10110.43
2020-09-01,A1018150102,51,"AQ 5000 Series Electron 9 5900X Desktop Processor",Plus,123.4797,6297.46
2020-09-01,A1018150103,159,"AQ 5000 Series Electron 9 5900X Desktop Processor",Premium,123.9315,19705.11
2020-09-01,A1118150201,106,"AQ 5000 Series Electron 8 5900X Desktop Processor",Standard,124.2640,13171.98
2020-09-01,A1118150202,33,"AQ 5000 Series Electron 8 5900X Desktop Processor",Plus,129.5836,4276.26
2020-09-01,A1119150203,158,"AQ 5000 Series Electron 8 5900X Desktop Processor",Premium,139.8962,22103.60
2020-09-01,A1219150301,114,"AQ 5000 Series Ultron 8 5900X Desktop Processor",Standard,135.6822,15467.77
2020-09-01,A1219150302,168,"AQ 5000 Series Ultron 8 5900X Desktop Processor",Plus,145.1474,24384.76
2020-09-01,A1219150303,153,"AQ 5000 Series Ultron 8 5900X Desktop Processor",Premium,142.9402,21869.85
2020-09-01,A1319150401,152,"AQ Electron 5 3600 Desktop Processor",Standard,149.1034,22663.72
2020-09-01,A1320150402,112,"AQ Electron 5 3600 Desktop Processor",Plus,150.2450,16827.44
2020-09-01,A1320150403,186,"AQ Electron 5 3600 Desktop Processor",Premium,160.6912,29888.56
2020-09-01,A1420150501,87,"AQ Electron 4 3600 Desktop Processor",Standard,160.5082,13964.21
2020-09-01,A1420150502,81,"AQ Electron 4 3600 Desktop Processor",Plus,169.4999,13729.49
2020-09-01,A1421150503,84,"AQ Electron 4 3600 Desktop Processor",Premium,176.4389,14820.87
2020-09-01,A1521150601,82,"AQ Electron 3 3600 Desktop Processor",Standard,186.2917,15275.92
2020-09-01,A1521150602,168,"AQ Electron 3 3600 Desktop Processor",Plus,185.4599,31157.26
2020-09-01,A1618150101,117,"AQ MB Elite",Standard,19.6485,2298.87
2020-09-01,A1618150102,141,"AQ MB Elite","Plus 1",20.4629,2885.27
2020-09-01,A1618150103,43,"AQ MB Elite","Plus 2",21.2017,911.67
2020-09-01,A1618150104,67,"AQ MB Elite",Premium,21.4489,1437.08
2020-09-01,A1718150201,37,"AQ MB Crossx",Standard,21.8879,809.85
2020-09-01,A1718150202,102,"AQ MB Crossx","Plus 1",22.8957,2335.36
2020-09-01,A1718150203,110,"AQ MB Crossx","Plus 2",27.3445,3007.90
2020-09-01,A1718150204,32,"AQ MB Crossx",Premium,28.3991,908.77
2020-09-01,A1819150301,20,"AQ MB Crossx 2",Standard,28.8615,577.23
2020-09-01,A1819150302,38,"AQ MB Crossx 2","Plus 1",31.9525,1214.20
2020-09-01,A1819150303,48,"AQ MB Crossx 2","Plus 2",32.1924,1545.24
2020-09-01,A1819150304,84,"AQ MB Crossx 2",Premium,32.2612,2709.94
2020-09-01,A1919150401,103,"AQ MB Lito",Standard,33.7609,3477.37
2020-09-01,A1919150402,144,"AQ MB Lito","Plus 1",35.0256,5043.69
2020-09-01,A1919150403,54,"AQ MB Lito","Plus 2",35.8350,1935.09
2020-09-01,A1920150404,81,"AQ MB Lito",Premium,38.9780,3157.22
2020-09-01,A2020150501,143,"AQ MB Lito 2",Standard,41.3696,5915.85
2020-09-01,A2020150502,115,"AQ MB Lito 2","Plus 1",39.3932,4530.22
2020-09-01,A2021150503,17,"AQ MB Lito 2","Plus 2",45.4377,772.44
2020-09-01,A2118150101,537,"AQ Master wired x1 Ms","Standard 1",2.9434,1580.61
2020-09-01,A2118150102,177,"AQ Master wired x1 Ms","Standard 2",3.9998,707.96
2020-09-01,A2118150103,383,"AQ Master wired x1 Ms","Plus 1",4.5295,1734.80
2020-09-01,A2118150104,433,"AQ Master wired x1 Ms","Plus 2",5.0459,2184.87
2020-09-01,A2118150105,844,"AQ Master wired x1 Ms","Premium 1",4.6904,3958.70
2020-09-01,A2118150106,944,"AQ Master wired x1 Ms","Premium 2",5.2542,4959.96
2020-09-01,A2218150201,129,"AQ Master wireless x1 Ms","Standard 1",5.4383,701.54
2020-09-01,A2218150202,218,"AQ Master wireless x1 Ms","Standard 2",6.4054,1396.38
2020-09-01,A2219150203,686,"AQ Master wireless x1 Ms","Plus 1",6.7301,4616.85
2020-09-01,A2219150204,749,"AQ Master wireless x1 Ms","Plus 2",7.3526,5507.10
2020-09-01,A2219150205,969,"AQ Master wireless x1 Ms","Premium 1",7.9813,7733.88
2020-09-01,A2219150206,578,"AQ Master wireless x1 Ms","Premium 2",8.3193,4808.56
2020-09-01,A2319150301,765,"AQ Gamers Ms","Standard 1",8.8044,6735.37
2020-09-01,A2319150302,537,"AQ Gamers Ms","Standard 2",8.9901,4827.68
2020-09-01,A2319150303,888,"AQ Gamers Ms","Plus 1",9.3977,8345.16
2020-09-01,A2319150304,466,"AQ Gamers Ms","Plus 2",10.4573,4873.10
2020-09-01,A2319150305,516,"AQ Gamers Ms","Premium 1",10.4370,5385.49
2020-09-01,A2319150306,200,"AQ Gamers Ms","Premium 2",10.8659,2173.18
2020-09-01,A2419150401,181,"AQ Lite Ms","Standard 1",11.4829,2078.40
2020-09-01,A2419150402,218,"AQ Lite Ms","Standard 2",11.2819,2459.45
2020-09-01,A2419150403,310,"AQ Lite Ms","Plus 1",10.8925,3376.68
2020-09-01,A2419150404,144,"AQ Lite Ms","Plus 2",11.6332,1675.18
2020-09-01,A2419150405,495,"AQ Lite Ms","Premium 1",12.7423,6307.44
2020-09-01,A2420150406,302,"AQ Lite Ms","Premium 2",12.2979,3713.97
2020-09-01,A2520150501,1036,"AQ Maxima Ms","Standard 1",12.0689,12503.38
2020-09-01,A2520150502,903,"AQ Maxima Ms","Standard 2",14.5267,13117.61
2020-09-01,A2520150503,872,"AQ Maxima Ms","Plus 1",14.1682,12354.67
2020-09-01,A2520150504,709,"AQ Maxima Ms","Plus 2",14.2800,10124.52
2020-09-01,A2520150505,497,"AQ Maxima Ms","Premium 1",15.1762,7542.57
2020-09-01,A2520150506,973,"AQ Maxima Ms","Premium 2",14.5677,14174.37
2020-09-01,A2620150601,570,"AQ Qwerty Ms","Standard 1",14.9013,8493.74
2020-09-01,A2620150602,664,"AQ Qwerty Ms","Standard 2",15.8102,10497.97
2020-09-01,A2620150603,915,"AQ Qwerty Ms","Plus 1",15.9792,14620.97
2020-09-01,A2620150604,433,"AQ Qwerty Ms","Plus 2",16.5491,7165.76
2020-09-01,A2620150605,200,"AQ Qwerty Ms","Premium 1",16.5882,3317.64
2020-09-01,A2620150606,688,"AQ Qwerty Ms","Premium 2",16.7850,11548.08
2020-09-01,A2720150701,822,"AQ Trigger Ms","Standard 1",17.0917,14049.38
2020-09-01,A2721150702,171,"AQ Trigger Ms","Standard 2",17.2368,2947.49
2020-09-01,A2721150703,331,"AQ Trigger Ms","Plus 1",16.9353,5605.58
2020-09-01,A2721150704,472,"AQ Trigger Ms","Plus 2",19.5860,9244.59
2020-09-01,A2721150705,1021,"AQ Trigger Ms","Premium 1",19.4042,19811.69
2020-09-01,A2721150706,404,"AQ Trigger Ms","Premium 2",20.0537,8101.69
2020-09-01,A2821150801,314,"AQ Lumina Ms","Standard 1",21.7118,6817.51
2020-09-01,A2918150101,373,"AQ Master wired x1","Standard 1",6.8991,2573.36
2020-09-01,A2918150102,296,"AQ Master wired x1","Standard 2",7.5979,2248.98
2020-09-01,A2918150103,290,"AQ Master wired x1","Plus 1",7.7693,2253.10
2020-09-01,A2918150104,239,"AQ Master wired x1","Plus 2",8.9514,2139.38
2020-09-01,A2918150105,364,"AQ Master wired x1","Premium 1",9.4650,3445.26
2020-09-01,A2918150106,602,"AQ Master wired x1","Premium 2",10.4188,6272.12
2020-09-01,A3018150201,649,"AQ Master wireless x1","Standard 1",10.7955,7006.28
2020-09-01,A3018150202,876,"AQ Master wireless x1","Standard 2",11.0524,9681.90
2020-09-01,A3018150203,635,"AQ Master wireless x1","Plus 1",12.3739,7857.43
2020-09-01,A3019150204,202,"AQ Master wireless x1","Plus 2",11.6011,2343.42
2020-09-01,A3019150205,260,"AQ Master wireless x1","Premium 1",12.0509,3133.23
2020-09-01,A3019150206,266,"AQ Master wireless x1","Premium 2",13.0018,3458.48
2020-09-01,A3119150301,560,"AQ Gamers ","Standard 1",13.5061,7563.42
2020-09-01,A3119150302,396,"AQ Gamers ","Standard 2",15.3071,6061.61
2020-09-01,A3119150303,387,"AQ Gamers ","Plus 1",16.2407,6285.15
2020-09-01,A3120150304,831,"AQ Gamers ","Plus 2",16.3792,13611.12
2020-09-01,A3120150305,609,"AQ Gamers ","Premium 1",16.3218,9939.98
2020-09-01,A3120150306,194,"AQ Gamers ","Premium 2",19.3003,3744.26
2020-09-01,A3220150401,197,"AQ Lite","Standard 1",18.4943,3643.38
2020-09-01,A3220150402,275,"AQ Lite","Standard 2",18.7947,5168.54
2020-09-01,A3220150403,781,"AQ Lite","Plus 1",18.5844,14514.42
2020-09-01,A3220150404,861,"AQ Lite","Plus 2",18.4219,15861.26
2020-09-01,A3220150405,224,"AQ Lite","Premium 1",18.9415,4242.90
2020-09-01,A3220150406,451,"AQ Lite","Premium 2",20.0066,9022.98
2020-09-01,A3320150501,195,"AQ Maxima","Standard 1",20.3908,3976.21
2020-09-01,A3320150502,172,"AQ Maxima","Standard 2",21.6988,3732.19
2020-09-01,A3320150503,637,"AQ Maxima","Plus 1",20.8733,13296.29
2020-09-01,A3320150504,723,"AQ Maxima","Plus 2",22.1341,16002.95
2020-09-01,A3320150505,576,"AQ Maxima","Premium 1",23.0844,13296.61
2020-09-01,A3320150506,530,"AQ Maxima","Premium 2",23.7678,12596.93
2020-09-01,A3420150601,375,"AQ Qwerty","Standard 1",24.5690,9213.38
2020-09-01,A3420150602,206,"AQ Qwerty","Standard 2",23.9726,4938.36
2020-09-01,A3421150603,579,"AQ Qwerty","Plus 1",26.9507,15604.46
2020-09-01,A3421150604,114,"AQ Qwerty","Plus 2",27.4152,3125.33
2020-09-01,A3421150605,417,"AQ Qwerty","Premium 1",29.8692,12455.46
2020-09-01,A3421150606,368,"AQ Qwerty","Premium 2",29.6709,10918.89
2020-09-01,A3521150701,92,"AQ Trigger","Standard 1",29.3872,2703.62
2020-09-01,A3521150702,389,"AQ Trigger","Standard 2",30.3414,11802.80
2020-09-01,A3521150703,444,"AQ Trigger","Plus 1",31.7665,14104.33
2020-09-01,A3521150704,137,"AQ Trigger","Plus 2",33.6246,4606.57
2020-09-01,A3521150705,796,"AQ Trigger","Premium 1",34.5114,27471.07
2020-09-01,A3718150101,34,"AQ LION x1",Standard,16.5127,561.43
2020-09-01,A3718150102,25,"AQ LION x1","Plus 1 ",16.1015,402.54
2020-09-01,A3718150103,28,"AQ LION x1","Plus 2",17.5697,491.95
2020-09-01,A3718150105,51,"AQ LION x1",Premium,18.0312,919.59
2020-09-01,A3818150201,78,"AQ LION x2",Standard,17.2648,1346.65
2020-09-01,A3818150202,87,"AQ LION x2","Plus 1 ",17.5197,1524.21
2020-09-01,A3819150203,88,"AQ LION x2","Plus 2",18.4533,1623.89
2020-09-01,A3819150204,28,"AQ LION x2","Plus 3",21.1942,593.44
2020-09-01,A3819150205,55,"AQ LION x2",Premium,21.6066,1188.36
2020-09-01,A3920150301,69,"AQ LION x3",Standard,22.1454,1528.03
2020-09-01,A3920150302,33,"AQ LION x3","Plus 1 ",23.1520,764.02
2020-09-01,A3920150303,79,"AQ LION x3","Plus 2",25.4670,2011.89
2020-09-01,A3920150304,75,"AQ LION x3","Plus 3",25.0442,1878.32
2020-09-01,A3920150305,66,"AQ LION x3",Premium,27.4546,1812.00
2020-09-01,A4020150401,31,"AQ Mx NB",Standard,26.9302,834.84
2020-09-01,A4020150402,23,"AQ Mx NB","Plus 1 ",28.4500,654.35
2020-09-01,A4021150403,52,"AQ Mx NB","Plus 2",29.9423,1557.00
2020-09-01,A4021150404,75,"AQ Mx NB","Plus 3",28.5800,2143.50
2020-09-01,A4021150405,36,"AQ Mx NB",Premium,31.7029,1141.30
2020-09-01,A4118110105,22,"AQ Aspiron","Plus Blue",182.8932,4023.65
2020-09-01,A4118110106,9,"AQ Aspiron","Plus Red",187.7533,1689.78
2020-09-01,A4118110107,20,"AQ Aspiron","Premium Black",195.7721,3915.44
2020-09-01,A4218110201,11,"AQ Digit","Standard Grey",200.2732,2203.01
2020-09-01,A4218110202,9,"AQ Digit","Standard Blue",215.9341,1943.41
2020-09-01,A4218110203,11,"AQ Digit","Standard Red",236.8486,2605.33
2020-09-01,A4218110204,27,"AQ Digit","Plus Grey",232.1038,6266.80
2020-09-01,A4218110205,40,"AQ Digit","Plus Blue",240.1403,9605.61
2020-09-01,A4218110206,15,"AQ Digit","Plus Red",237.0183,3555.27
2020-09-01,A4218110207,26,"AQ Digit","Premium Black",249.1303,6477.39
2020-09-01,A4218110208,34,"AQ Digit","Premium Misty Green",243.0414,8263.41
2020-09-01,A4318110301,29,"AQ Velocity","Standard Grey",264.7000,7676.30
2020-09-01,A4319110302,38,"AQ Velocity","Standard Blue",267.2091,10153.95
2020-09-01,A4319110303,36,"AQ Velocity","Standard Red",261.2305,9404.30
2020-09-01,A4319110304,40,"AQ Velocity","Plus Grey",267.0636,10682.54
2020-09-01,A4319110305,23,"AQ Velocity","Plus Blue",277.8079,6389.58
2020-09-01,A4319110306,29,"AQ Velocity","Plus Red",275.8194,7998.76
2020-09-01,A4419110401,9,"AQ Elite","Standard Grey",271.3471,2442.12
2020-09-01,A4419110402,37,"AQ Elite","Standard Blue",281.9504,10432.16
2020-09-01,A4419110403,16,"AQ Elite","Standard Red",288.0503,4608.80
2020-09-01,A4419110404,29,"AQ Elite","Plus Grey",286.8973,8320.02
2020-09-01,A4419110405,15,"AQ Elite","Plus Blue",291.2071,4368.11
2020-09-01,A4419110406,9,"AQ Elite","Plus Red",287.5666,2588.10
2020-09-01,A4419110407,12,"AQ Elite","Premium Black",287.4934,3449.92
2020-09-01,A4419110408,19,"AQ Elite","Premium Misty Green",297.0277,5643.53
2020-09-01,A4519110501,31,"AQ Gen X","Standard Grey",311.8396,9667.03
2020-09-01,A4519110502,40,"AQ Gen X","Standard Blue",300.3378,12013.51
2020-09-01,A4519110503,21,"AQ Gen X","Standard Red",306.9189,6445.30
2020-09-01,A4520110504,22,"AQ Gen X","Plus Grey",341.7343,7518.15
2020-09-01,A4520110505,24,"AQ Gen X","Plus Blue",325.2156,7805.17
2020-09-01,A4520110506,35,"AQ Gen X","Plus Red",325.2561,11383.96
2020-09-01,A4520110507,29,"AQ Gen X","Premium Black",322.9426,9365.34
2020-09-01,A4520110508,28,"AQ Gen X","Premium Misty Green",327.0930,9158.60
2020-09-01,A4620110601,31,"AQ Gen Y","Standard Grey",347.2474,10764.67
2020-09-01,A4620110602,10,"AQ Gen Y","Standard Blue",346.6886,3466.89
2020-09-01,A4620110603,8,"AQ Gen Y","Standard Red",366.0459,2928.37
2020-09-01,A4620110604,11,"AQ Gen Y","Plus Grey",353.0982,3884.08
2020-09-01,A4620110605,16,"AQ Gen Y","Plus Blue",349.2525,5588.04
2020-09-01,A4620110606,33,"AQ Gen Y","Plus Red",348.5375,11501.74
2020-09-01,A4620110607,20,"AQ Gen Y","Premium Black",347.8030,6956.06
2020-09-01,A4620110608,27,"AQ Gen Y","Premium Misty Green",363.0630,9802.70
2020-09-01,A4720110701,10,"AQ GEN Z","Standard Grey",367.7335,3677.34
2020-09-01,A4720110702,17,"AQ GEN Z","Standard Blue",371.4027,6313.85
2020-09-01,A4721110703,13,"AQ GEN Z","Standard Red",361.6496,4701.44
2020-09-01,A4721110704,38,"AQ GEN Z","Plus Grey",380.2153,14448.18
2020-09-01,A4721110705,11,"AQ GEN Z","Plus Blue",377.4069,4151.48
2020-09-01,A4918110101,13,"AQ BZ 101","Standard Grey",419.1936,5449.52
2020-09-01,A4918110102,10,"AQ BZ 101","Standard Blue",451.4881,4514.88
2020-09-01,A4918110103,28,"AQ BZ 101","Premium Black",428.1451,11988.06
2020-09-01,A4918110104,15,"AQ BZ 101","Premium Misty Green",460.2805,6904.21
2020-09-01,A5018110201,17,"AQ BZ Compact","Standard Grey",451.7049,7678.98
2020-09-01,A5018110202,16,"AQ BZ Compact","Standard Blue",462.5568,7400.91
2020-09-01,A5018110203,10,"AQ BZ Compact","Standard Red",452.1420,4521.42
2020-09-01,A5018110204,14,"AQ BZ Compact","Plus Grey",447.7337,6268.27
2020-09-01,A5018110205,24,"AQ BZ Compact","Plus Blue",486.1763,11668.23
2020-09-01,A5018110206,27,"AQ BZ Compact","Plus Red",475.5544,12839.97
2020-09-01,A5018110207,17,"AQ BZ Compact","Premium Black",475.1904,8078.24
2020-09-01,A5019110208,19,"AQ BZ Compact","Premium Misty Green",467.3047,8878.79
2020-09-01,A5119110301,10,"AQ BZ Gen Y","Standard Grey",479.0441,4790.44
2020-09-01,A5119110302,24,"AQ BZ Gen Y","Standard Blue",474.3132,11383.52
2020-09-01,A5119110303,23,"AQ BZ Gen Y","Standard Red",474.3154,10909.25
2020-09-01,A5119110305,7,"AQ BZ Gen Y","Plus Blue",483.3813,3383.67
2020-09-01,A5119110306,26,"AQ BZ Gen Y","Plus Red",486.4857,12648.63
2020-09-01,A5119110307,27,"AQ BZ Gen Y","Premium Black",516.4580,13944.37
2020-09-01,A5119110308,9,"AQ BZ Gen Y","Premium Misty Green",512.5811,4613.23
2020-09-01,A5219110401,27,"AQ BZ Gen Z","Standard Grey",506.9644,13688.04
2020-09-01,A5219110402,20,"AQ BZ Gen Z","Standard Blue",490.1582,9803.16
2020-09-01,A5219110403,12,"AQ BZ Gen Z","Standard Red",525.8042,6309.65
2020-09-01,A5219110405,11,"AQ BZ Gen Z","Plus Blue",521.2603,5733.86
2020-09-01,A5219110406,18,"AQ BZ Gen Z","Plus Red",550.4597,9908.27
2020-09-01,A5219110407,22,"AQ BZ Gen Z","Premium Black",545.5931,12003.05
2020-09-01,A5220110408,12,"AQ BZ Gen Z","Premium Misty Green",533.0397,6396.48
2020-09-01,A5318110103,6,"AQ Gamer 1","Standard Black",584.9722,3509.83
2020-09-01,A5318110104,9,"AQ Gamer 1","Plus Firey Red",586.3824,5277.44
2020-09-01,A5318110105,8,"AQ Gamer 1","Plus Cool Blue",551.3303,4410.64
2020-09-01,A5318110106,14,"AQ Gamer 1","Plus Black",565.8747,7922.25
2020-09-01,A5318110107,8,"AQ Gamer 1","Premium Black",571.6489,4573.19
2020-09-01,A5318110108,17,"AQ Gamer 1","Premium Misty Green",579.6609,9854.24
2020-09-01,A5419110201,11,"AQ Gamer 2","Standard Firey Red",585.0003,6435.00
2020-09-01,A5419110202,6,"AQ Gamer 2","Standard Cool Blue",567.9271,3407.56
2020-09-01,A5419110203,14,"AQ Gamer 2","Standard Black",595.5711,8338.00
2020-09-01,A5419110204,5,"AQ Gamer 2","Plus Firey Red",602.9200,3014.60
2020-09-01,A5419110205,7,"AQ Gamer 2","Plus Cool Blue",570.7578,3995.30
2020-09-01,A5419110206,4,"AQ Gamer 2","Plus Black",601.6398,2406.56
2020-09-01,A5419110207,5,"AQ Gamer 2","Premium Black",599.2302,2996.15
2020-09-01,A5419110208,4,"AQ Gamer 2","Premium Misty Green",608.4070,2433.63
2020-09-01,A5519110301,3,"AQ Gamer 3","Standard Firey Red",589.7411,1769.22
2020-09-01,A5519110302,13,"AQ Gamer 3","Standard Cool Blue",605.8642,7876.23
2020-09-01,A5519110303,4,"AQ Gamer 3","Standard Black",604.2721,2417.09
2020-09-01,A5519110304,6,"AQ Gamer 3","Plus Firey Red",597.7704,3586.62
2020-09-01,A5520110305,6,"AQ Gamer 3","Plus Cool Blue",632.4885,3794.93
2020-09-01,A5520110306,14,"AQ Gamer 3","Plus Black",639.6816,8955.54
2020-09-01,A5520110307,5,"AQ Gamer 3","Premium Black",609.7926,3048.96
2020-09-01,A5520110308,11,"AQ Gamer 3","Premium Misty Green",590.1159,6491.27
2020-09-01,A5620110401,8,"AQ Smash 1","Standard Firey Red",642.0698,5136.56
2020-09-01,A5620110402,8,"AQ Smash 1","Standard Cool Blue",593.8297,4750.64
2020-09-01,A5621110403,13,"AQ Smash 1","Standard Black",631.1855,8205.41
2020-09-01,A5621110404,15,"AQ Smash 1","Plus Firey Red",639.9614,9599.42
2020-09-01,A5621110405,12,"AQ Smash 1","Plus Cool Blue",601.8173,7221.81
2020-09-01,A5621110406,10,"AQ Smash 1","Plus Black",644.3777,6443.78
2020-09-01,A5621110407,10,"AQ Smash 1","Premium Black",655.7782,6557.78
2020-09-01,A5621110408,14,"AQ Smash 1","Premium Misty Green",657.2525,9201.54
2020-09-01,A5721110501,7,"AQ Smash 2","Standard Firey Red",649.6929,4547.85
2020-09-01,A5721110502,13,"AQ Smash 2","Standard Cool Blue",627.9938,8163.92
2020-09-01,A5721110503,7,"AQ Smash 2","Standard Black",678.3035,4748.12
2020-09-01,A5721110504,15,"AQ Smash 2","Plus Firey Red",655.8348,9837.52
2020-09-01,A5721110505,6,"AQ Smash 2","Plus Cool Blue",674.4272,4046.56
2020-09-01,A5721110506,6,"AQ Smash 2","Plus Black",720.5460,4323.28
2020-09-01,A5820110101,27,"AQ BZ Allin1","Standard 1",681.3022,18395.16
2020-09-01,A5820110102,28,"AQ BZ Allin1","Standard 2",697.5541,19531.51
2020-09-01,A5820110103,10,"AQ BZ Allin1","Standard 3",735.1465,7351.47
2020-09-01,A5820110104,22,"AQ BZ Allin1","Plus 1",690.4971,15190.94
2020-09-01,A5820110105,19,"AQ BZ Allin1","Plus 2",709.3926,13478.46
2020-09-01,A5820110106,14,"AQ BZ Allin1","Plus 3",692.5242,9695.34
2020-09-01,A5820110107,11,"AQ BZ Allin1","Premium 1",737.6775,8114.45
2020-09-01,A5821110108,18,"AQ BZ Allin1","Premium 2",746.7388,13441.30
2020-09-01,A6018110101,1,"AQ Home Allin1","Standard 1",800.4577,800.46
2020-09-01,A6018110102,5,"AQ Home Allin1","Standard 2",764.0542,3820.27
2020-09-01,A6018110103,6,"AQ Home Allin1","Standard 3",770.9789,4625.87
2020-09-01,A6018110104,5,"AQ Home Allin1","Plus 1",749.0987,3745.49
2020-09-01,A6018110105,2,"AQ Home Allin1","Plus 2",766.6472,1533.29
2020-09-01,A6018110106,6,"AQ Home Allin1","Plus 3",787.5874,4725.52
2020-09-01,A6019110107,4,"AQ Home Allin1","Premium 1",785.9918,3143.97
2020-09-01,A6019110108,5,"AQ Home Allin1","Premium 2",796.6606,3983.30
2020-09-01,A6119110201,2,"AQ HOME Allin1 Gen 2","Standard 1",824.0889,1648.18
2020-09-01,A6119110202,3,"AQ HOME Allin1 Gen 2","Standard 2",790.1040,2370.31
2020-09-01,A6119110203,4,"AQ HOME Allin1 Gen 2","Standard 3",769.5635,3078.25
2020-09-01,A6119110204,2,"AQ HOME Allin1 Gen 2","Plus 1",807.2638,1614.53
2020-09-01,A6120110205,2,"AQ HOME Allin1 Gen 2","Plus 2",834.9812,1669.96
2020-09-01,A6120110206,4,"AQ HOME Allin1 Gen 2","Plus 3",810.6034,3242.41
2020-09-01,A6218160101,139,"AQ Digit SSD",Standard,13.5941,1889.58
2020-09-01,A6218160102,476,"AQ Digit SSD",Plus,15.2481,7258.10
2020-09-01,A6219160103,310,"AQ Digit SSD",Premium,16.3003,5053.09
2020-09-01,A6319160201,316,"AQ Neuer SSD",Standard,17.3590,5485.44
2020-09-01,A6319160202,730,"AQ Neuer SSD",Plus,18.5733,13558.51
2020-09-01,A6319160203,911,"AQ Neuer SSD",Premium,19.3433,17621.75
2020-09-01,A6419160301,799,"AQ Clx1",Standard,17.8043,14225.64
2020-09-01,A6419160302,204,"AQ Clx1",Plus,19.6723,4013.15
2020-09-01,A6419160303,1028,"AQ Clx1",Premium,19.3342,19875.56
2020-09-01,A6519160401,705,"AQ Clx2",Standard,20.2889,14303.67
2020-09-01,A6520160402,582,"AQ Clx2",Plus,20.1650,11736.03
2020-09-01,A6520160403,984,"AQ Clx2",Premium,21.2830,20942.47
2020-09-01,A6620160501,732,"AQ Clx3",Standard,22.8530,16728.40
2020-09-01,A6720160103,194,"AQ Pen Drive 2 IN 1",Premium,4.4411,861.57
2020-09-01,A6818160201,1697,"AQ Pen Drive DRC",Standard,2.9990,5089.30
2020-09-01,A6818160202,855,"AQ Pen Drive DRC",Plus,3.8531,3294.40
2020-09-01,A6819160203,1556,"AQ Pen Drive DRC",Premium,5.0984,7933.11
2020-09-01,A7118160101,528,"AQ Wi Power Dx1",Standard,29.6712,15666.39
2020-09-01,A7119160102,619,"AQ Wi Power Dx1",Plus,29.9264,18524.44
2020-09-01,A7119160103,480,"AQ Wi Power Dx1",Premium,28.7736,13811.33
2020-09-01,A7219160201,616,"AQ Wi Power Dx2",Standard,32.9575,20301.82
2020-09-01,A7220160202,96,"AQ Wi Power Dx2",Plus,35.2053,3379.71
2020-09-01,A7220160203,350,"AQ Wi Power Dx2",Premium,37.4784,13117.44
2020-09-01,A7321160301,272,"AQ Wi Power Dx3",Standard,40.7954,11096.35
2020-09-01,A7321160302,507,"AQ Wi Power Dx3",Plus,43.9446,22279.91
2020-09-01,A7321160303,190,"AQ Wi Power Dx3",Premium,42.8483,8141.18
2020-10-01,A0118150101,95,"AQ Dracula HDD – 3.5 Inch SATA 6 Gb/s 5400 RPM 256 MB Cache",Standard,19.0573,1810.44
2020-10-01,A0118150102,237,"AQ Dracula HDD – 3.5 Inch SATA 6 Gb/s 5400 RPM 256 MB Cache",Plus,21.4565,5085.19
2020-10-01,A0118150103,102,"AQ Dracula HDD – 3.5 Inch SATA 6 Gb/s 5400 RPM 256 MB Cache",Premium,21.7795,2221.51
2020-10-01,A0118150104,276,"AQ Dracula HDD – 3.5 Inch SATA 6 Gb/s 5400 RPM 256 MB Cache","Premium Plus",22.9729,6340.52
2020-10-01,A0219150201,164,"AQ WereWolf NAS Internal Hard Drive HDD – 8.89 cm",Standard,23.6987,3886.59
2020-10-01,A0219150202,97,"AQ WereWolf NAS Internal Hard Drive HDD – 8.89 cm",Plus,24.7312,2398.93
2020-10-01,A0220150203,306,"AQ WereWolf NAS Internal Hard Drive HDD – 8.89 cm",Premium,23.6154,7226.31
2020-10-01,A0320150301,205,"AQ Zion Saga",Standard,23.7223,4863.07
2020-10-01,A0321150302,135,"AQ Zion Saga",Plus,27.1027,3658.86
2020-10-01,A0321150303,249,"AQ Zion Saga",Premium,28.0059,6973.47
2020-10-01,A0418150103,220,"AQ Mforce Gen X","Standard 3",19.5235,4295.17
2020-10-01,A0418150104,226,"AQ Mforce Gen X","Plus 1",19.9239,4502.80
2020-10-01,A0418150105,248,"AQ Mforce Gen X","Plus 2",20.0766,4979.00
2020-10-01,A0418150106,75,"AQ Mforce Gen X","Plus 3",19.9365,1495.24
2020-10-01,A0519150201,82,"AQ Mforce Gen Y","Standard 1",22.3984,1836.67
2020-10-01,A0519150202,49,"AQ Mforce Gen Y","Standard 2",24.9298,1221.56
2020-10-01,A0519150203,193,"AQ Mforce Gen Y","Standard 3",26.5871,5131.31
2020-10-01,A0519150204,193,"AQ Mforce Gen Y","Plus 1",26.1081,5038.86
2020-10-01,A0519150205,216,"AQ Mforce Gen Y","Plus 2",29.7008,6415.37
2020-10-01,A0519150206,136,"AQ Mforce Gen Y","Plus 3",31.2439,4249.17
2020-10-01,A0519150207,123,"AQ Mforce Gen Y","Premium 1",32.4427,3990.45
2020-10-01,A0519150208,219,"AQ Mforce Gen Y","Premium 2",30.5816,6697.37
2020-10-01,A0619150301,45,"AQ Mforce Gen Z","Standard 1",30.4696,1371.13
2020-10-01,A0619150302,29,"AQ Mforce Gen Z","Standard 2",34.0973,988.82
2020-10-01,A0620150303,93,"AQ Mforce Gen Z","Standard 3",34.2412,3184.43
2020-10-01,A0620150304,242,"AQ Mforce Gen Z","Plus 1",37.5826,9094.99
2020-10-01,A0620150305,231,"AQ Mforce Gen Z","Plus 2",36.5679,8447.18
2020-10-01,A0620150306,231,"AQ Mforce Gen Z","Plus 3",37.5278,8668.92
2020-10-01,A0621150307,47,"AQ Mforce Gen Z","Premium 1",36.2434,1703.44
2020-10-01,A0621150308,235,"AQ Mforce Gen Z","Premium 2",39.3990,9258.77
2020-10-01,A0721150401,218,"AQ GT 21",Standard,39.3377,8575.62
2020-10-01,A0721150402,43,"AQ GT 21","Plus 1",39.1465,1683.30
2020-10-01,A0721150403,184,"AQ GT 21","Plus 2",39.2990,7231.02
2020-10-01,A0721150404,64,"AQ GT 21",Premium,39.1215,2503.78
2020-10-01,A0821150501,174,"AQ Marquee P3",Standard,40.5013,7047.23
2020-10-01,A0821150502,237,"AQ Marquee P3","Plus 1",43.2966,10261.29
2020-10-01,A0821150503,237,"AQ Marquee P3","Plus 2",42.3841,10045.03
2020-10-01,A0821150504,249,"AQ Marquee P3",Premium,44.7044,11131.40
2020-10-01,A0921150601,217,"AQ Marquee P4",Standard,45.0813,9782.64
2020-10-01,A1018150101,132,"AQ 5000 Series Electron 9 5900X Desktop Processor",Standard,111.1036,14665.68
2020-10-01,A1018150102,226,"AQ 5000 Series Electron 9 5900X Desktop Processor",Plus,123.4797,27906.41
2020-10-01,A1018150103,196,"AQ 5000 Series Electron 9 5900X Desktop Processor",Premium,123.9315,24290.57
2020-10-01,A1118150201,138,"AQ 5000 Series Electron 8 5900X Desktop Processor",Standard,124.2640,17148.43
2020-10-01,A1118150202,108,"AQ 5000 Series Electron 8 5900X Desktop Processor",Plus,129.5836,13995.03
2020-10-01,A1119150203,220,"AQ 5000 Series Electron 8 5900X Desktop Processor",Premium,139.8962,30777.16
2020-10-01,A1219150301,97,"AQ 5000 Series Ultron 8 5900X Desktop Processor",Standard,135.6822,13161.17
2020-10-01,A1219150302,258,"AQ 5000 Series Ultron 8 5900X Desktop Processor",Plus,145.1474,37448.03
2020-10-01,A1219150303,83,"AQ 5000 Series Ultron 8 5900X Desktop Processor",Premium,142.9402,11864.04
2020-10-01,A1319150401,132,"AQ Electron 5 3600 Desktop Processor",Standard,149.1034,19681.65
2020-10-01,A1320150402,55,"AQ Electron 5 3600 Desktop Processor",Plus,150.2450,8263.48
2020-10-01,A1320150403,136,"AQ Electron 5 3600 Desktop Processor",Premium,160.6912,21854.00
2020-10-01,A1420150501,97,"AQ Electron 4 3600 Desktop Processor",Standard,160.5082,15569.30
2020-10-01,A1420150502,41,"AQ Electron 4 3600 Desktop Processor",Plus,169.4999,6949.50
2020-10-01,A1421150503,136,"AQ Electron 4 3600 Desktop Processor",Premium,176.4389,23995.69
2020-10-01,A1521150601,99,"AQ Electron 3 3600 Desktop Processor",Standard,186.2917,18442.88
2020-10-01,A1521150602,251,"AQ Electron 3 3600 Desktop Processor",Plus,185.4599,46550.43
2020-10-01,A1618150101,104,"AQ MB Elite",Standard,19.6485,2043.44
2020-10-01,A1618150102,146,"AQ MB Elite","Plus 1",20.4629,2987.58
2020-10-01,A1618150103,137,"AQ MB Elite","Plus 2",21.2017,2904.63
2020-10-01,A1618150104,94,"AQ MB Elite",Premium,21.4489,2016.20
2020-10-01,A1718150201,158,"AQ MB Crossx",Standard,21.8879,3458.29
2020-10-01,A1718150202,25,"AQ MB Crossx","Plus 1",22.8957,572.39
2020-10-01,A1718150203,76,"AQ MB Crossx","Plus 2",27.3445,2078.18
2020-10-01,A1718150204,66,"AQ MB Crossx",Premium,28.3991,1874.34
2020-10-01,A1819150301,46,"AQ MB Crossx 2",Standard,28.8615,1327.63
2020-10-01,A1819150302,127,"AQ MB Crossx 2","Plus 1",31.9525,4057.97
2020-10-01,A1819150303,153,"AQ MB Crossx 2","Plus 2",32.1924,4925.44
2020-10-01,A1819150304,167,"AQ MB Crossx 2",Premium,32.2612,5387.62
2020-10-01,A1919150401,108,"AQ MB Lito",Standard,33.7609,3646.18
2020-10-01,A1919150402,88,"AQ MB Lito","Plus 1",35.0256,3082.25
2020-10-01,A1919150403,79,"AQ MB Lito","Plus 2",35.8350,2830.97
2020-10-01,A1920150404,117,"AQ MB Lito",Premium,38.9780,4560.43
2020-10-01,A2020150501,26,"AQ MB Lito 2",Standard,41.3696,1075.61
2020-10-01,A2020150502,168,"AQ MB Lito 2","Plus 1",39.3932,6618.06
2020-10-01,A2021150503,179,"AQ MB Lito 2","Plus 2",45.4377,8133.35
2020-10-01,A2118150101,1036,"AQ Master wired x1 Ms","Standard 1",2.9434,3049.36
2020-10-01,A2118150102,1111,"AQ Master wired x1 Ms","Standard 2",3.9998,4443.78
2020-10-01,A2118150103,352,"AQ Master wired x1 Ms","Plus 1",4.5295,1594.38
2020-10-01,A2118150104,979,"AQ Master wired x1 Ms","Plus 2",5.0459,4939.94
2020-10-01,A2118150105,600,"AQ Master wired x1 Ms","Premium 1",4.6904,2814.24
2020-10-01,A2118150106,860,"AQ Master wired x1 Ms","Premium 2",5.2542,4518.61
2020-10-01,A2218150201,368,"AQ Master wireless x1 Ms","Standard 1",5.4383,2001.29
2020-10-01,A2218150202,584,"AQ Master wireless x1 Ms","Standard 2",6.4054,3740.75
2020-10-01,A2219150203,817,"AQ Master wireless x1 Ms","Plus 1",6.7301,5498.49
2020-10-01,A2219150204,979,"AQ Master wireless x1 Ms","Plus 2",7.3526,7198.20
2020-10-01,A2219150205,992,"AQ Master wireless x1 Ms","Premium 1",7.9813,7917.45
2020-10-01,A2219150206,308,"AQ Master wireless x1 Ms","Premium 2",8.3193,2562.34
2020-10-01,A2319150301,297,"AQ Gamers Ms","Standard 1",8.8044,2614.91
2020-10-01,A2319150302,1333,"AQ Gamers Ms","Standard 2",8.9901,11983.80
2020-10-01,A2319150303,906,"AQ Gamers Ms","Plus 1",9.3977,8514.32
2020-10-01,A2319150304,1179,"AQ Gamers Ms","Plus 2",10.4573,12329.16
2020-10-01,A2319150305,571,"AQ Gamers Ms","Premium 1",10.4370,5959.53
2020-10-01,A2319150306,787,"AQ Gamers Ms","Premium 2",10.8659,8551.46
2020-10-01,A2419150401,397,"AQ Lite Ms","Standard 1",11.4829,4558.71
2020-10-01,A2419150402,273,"AQ Lite Ms","Standard 2",11.2819,3079.96
2020-10-01,A2419150403,784,"AQ Lite Ms","Plus 1",10.8925,8539.72
2020-10-01,A2419150404,324,"AQ Lite Ms","Plus 2",11.6332,3769.16
2020-10-01,A2419150405,708,"AQ Lite Ms","Premium 1",12.7423,9021.55
2020-10-01,A2420150406,465,"AQ Lite Ms","Premium 2",12.2979,5718.52
2020-10-01,A2520150501,511,"AQ Maxima Ms","Standard 1",12.0689,6167.21
2020-10-01,A2520150502,779,"AQ Maxima Ms","Standard 2",14.5267,11316.30
2020-10-01,A2520150503,833,"AQ Maxima Ms","Plus 1",14.1682,11802.11
2020-10-01,A2520150504,1133,"AQ Maxima Ms","Plus 2",14.2800,16179.24
2020-10-01,A2520150505,727,"AQ Maxima Ms","Premium 1",15.1762,11033.10
2020-10-01,A2520150506,776,"AQ Maxima Ms","Premium 2",14.5677,11304.54
2020-10-01,A2620150601,160,"AQ Qwerty Ms","Standard 1",14.9013,2384.21
2020-10-01,A2620150602,1176,"AQ Qwerty Ms","Standard 2",15.8102,18592.80
2020-10-01,A2620150603,138,"AQ Qwerty Ms","Plus 1",15.9792,2205.13
2020-10-01,A2620150604,884,"AQ Qwerty Ms","Plus 2",16.5491,14629.40
2020-10-01,A2620150605,1136,"AQ Qwerty Ms","Premium 1",16.5882,18844.20
2020-10-01,A2620150606,1071,"AQ Qwerty Ms","Premium 2",16.7850,17976.74
2020-10-01,A2720150701,1236,"AQ Trigger Ms","Standard 1",17.0917,21125.34
2020-10-01,A2721150702,276,"AQ Trigger Ms","Standard 2",17.2368,4757.36
2020-10-01,A2721150703,1090,"AQ Trigger Ms","Plus 1",16.9353,18459.48
2020-10-01,A2721150704,560,"AQ Trigger Ms","Plus 2",19.5860,10968.16
2020-10-01,A2721150705,654,"AQ Trigger Ms","Premium 1",19.4042,12690.35
2020-10-01,A2721150706,241,"AQ Trigger Ms","Premium 2",20.0537,4832.94
2020-10-01,A2821150801,438,"AQ Lumina Ms","Standard 1",21.7118,9509.77
2020-10-01,A2918150101,757,"AQ Master wired x1","Standard 1",6.8991,5222.62
2020-10-01,A2918150102,849,"AQ Master wired x1","Standard 2",7.5979,6450.62
2020-10-01,A2918150103,247,"AQ Master wired x1","Plus 1",7.7693,1919.02
2020-10-01,A2918150104,622,"AQ Master wired x1","Plus 2",8.9514,5567.77
2020-10-01,A2918150105,664,"AQ Master wired x1","Premium 1",9.4650,6284.76
2020-10-01,A2918150106,680,"AQ Master wired x1","Premium 2",10.4188,7084.78
2020-10-01,A3018150201,650,"AQ Master wireless x1","Standard 1",10.7955,7017.08
2020-10-01,A3018150202,627,"AQ Master wireless x1","Standard 2",11.0524,6929.85
2020-10-01,A3018150203,856,"AQ Master wireless x1","Plus 1",12.3739,10592.06
2020-10-01,A3019150204,888,"AQ Master wireless x1","Plus 2",11.6011,10301.78
2020-10-01,A3019150205,696,"AQ Master wireless x1","Premium 1",12.0509,8387.43
2020-10-01,A3019150206,288,"AQ Master wireless x1","Premium 2",13.0018,3744.52
2020-10-01,A3119150301,1085,"AQ Gamers ","Standard 1",13.5061,14654.12
2020-10-01,A3119150302,796,"AQ Gamers ","Standard 2",15.3071,12184.45
2020-10-01,A3119150303,698,"AQ Gamers ","Plus 1",16.2407,11336.01
2020-10-01,A3120150304,583,"AQ Gamers ","Plus 2",16.3792,9549.07
2020-10-01,A3120150305,888,"AQ Gamers ","Premium 1",16.3218,14493.76
2020-10-01,A3120150306,746,"AQ Gamers ","Premium 2",19.3003,14398.02
2020-10-01,A3220150401,851,"AQ Lite","Standard 1",18.4943,15738.65
2020-10-01,A3220150402,947,"AQ Lite","Standard 2",18.7947,17798.58
2020-10-01,A3220150403,654,"AQ Lite","Plus 1",18.5844,12154.20
2020-10-01,A3220150404,554,"AQ Lite","Plus 2",18.4219,10205.73
2020-10-01,A3220150405,1089,"AQ Lite","Premium 1",18.9415,20627.29
2020-10-01,A3220150406,760,"AQ Lite","Premium 2",20.0066,15205.02
2020-10-01,A3320150501,279,"AQ Maxima","Standard 1",20.3908,5689.03
2020-10-01,A3320150502,567,"AQ Maxima","Standard 2",21.6988,12303.22
2020-10-01,A3320150503,197,"AQ Maxima","Plus 1",20.8733,4112.04
2020-10-01,A3320150504,522,"AQ Maxima","Plus 2",22.1341,11554.00
2020-10-01,A3320150505,561,"AQ Maxima","Premium 1",23.0844,12950.35
2020-10-01,A3320150506,988,"AQ Maxima","Premium 2",23.7678,23482.59
2020-10-01,A3420150601,371,"AQ Qwerty","Standard 1",24.5690,9115.10
2020-10-01,A3420150602,908,"AQ Qwerty","Standard 2",23.9726,21767.12
2020-10-01,A3421150603,272,"AQ Qwerty","Plus 1",26.9507,7330.59
2020-10-01,A3421150604,700,"AQ Qwerty","Plus 2",27.4152,19190.64
2020-10-01,A3421150605,963,"AQ Qwerty","Premium 1",29.8692,28764.04
2020-10-01,A3421150606,773,"AQ Qwerty","Premium 2",29.6709,22935.61
2020-10-01,A3521150701,183,"AQ Trigger","Standard 1",29.3872,5377.86
2020-10-01,A3521150702,888,"AQ Trigger","Standard 2",30.3414,26943.16
2020-10-01,A3521150703,819,"AQ Trigger","Plus 1",31.7665,26016.76
2020-10-01,A3521150704,718,"AQ Trigger","Plus 2",33.6246,24142.46
2020-10-01,A3521150705,165,"AQ Trigger","Premium 1",34.5114,5694.38
2020-10-01,A3718150101,42,"AQ LION x1",Standard,16.5127,693.53
2020-10-01,A3718150102,38,"AQ LION x1","Plus 1 ",16.1015,611.86
2020-10-01,A3718150103,102,"AQ LION x1","Plus 2",17.5697,1792.11
2020-10-01,A3718150105,54,"AQ LION x1",Premium,18.0312,973.68
2020-10-01,A3818150201,67,"AQ LION x2",Standard,17.2648,1156.74
2020-10-01,A3818150202,19,"AQ LION x2","Plus 1 ",17.5197,332.87
2020-10-01,A3819150203,96,"AQ LION x2","Plus 2",18.4533,1771.52
2020-10-01,A3819150204,51,"AQ LION x2","Plus 3",21.1942,1080.90
2020-10-01,A3819150205,48,"AQ LION x2",Premium,21.6066,1037.12
2020-10-01,A3920150301,94,"AQ LION x3",Standard,22.1454,2081.67
2020-10-01,A3920150302,104,"AQ LION x3","Plus 1 ",23.1520,2407.81
2020-10-01,A3920150303,84,"AQ LION x3","Plus 2",25.4670,2139.23
2020-10-01,A3920150304,26,"AQ LION x3","Plus 3",25.0442,651.15
2020-10-01,A3920150305,108,"AQ LION x3",Premium,27.4546,2965.10
2020-10-01,A4020150401,32,"AQ Mx NB",Standard,26.9302,861.77
2020-10-01,A4020150402,30,"AQ Mx NB","Plus 1 ",28.4500,853.50
2020-10-01,A4021150403,62,"AQ Mx NB","Plus 2",29.9423,1856.42
2020-10-01,A4021150404,82,"AQ Mx NB","Plus 3",28.5800,2343.56
2020-10-01,A4021150405,94,"AQ Mx NB",Premium,31.7029,2980.07
2020-10-01,A4118110105,38,"AQ Aspiron","Plus Blue",182.8932,6949.94
2020-10-01,A4118110106,48,"AQ Aspiron","Plus Red",187.7533,9012.16
2020-10-01,A4118110107,44,"AQ Aspiron","Premium Black",195.7721,8613.97
2020-10-01,A4218110201,48,"AQ Digit","Standard Grey",200.2732,9613.11
2020-10-01,A4218110202,48,"AQ Digit","Standard Blue",215.9341,10364.84
2020-10-01,A4218110203,50,"AQ Digit","Standard Red",236.8486,11842.43
2020-10-01,A4218110204,28,"AQ Digit","Plus Grey",232.1038,6498.91
2020-10-01,A4218110205,44,"AQ Digit","Plus Blue",240.1403,10566.17
2020-10-01,A4218110206,19,"AQ Digit","Plus Red",237.0183,4503.35
2020-10-01,A4218110207,37,"AQ Digit","Premium Black",249.1303,9217.82
2020-10-01,A4218110208,35,"AQ Digit","Premium Misty Green",243.0414,8506.45
2020-10-01,A4318110301,45,"AQ Velocity","Standard Grey",264.7000,11911.50
2020-10-01,A4319110302,24,"AQ Velocity","Standard Blue",267.2091,6413.02
2020-10-01,A4319110303,14,"AQ Velocity","Standard Red",261.2305,3657.23
2020-10-01,A4319110304,44,"AQ Velocity","Plus Grey",267.0636,11750.80
2020-10-01,A4319110305,36,"AQ Velocity","Plus Blue",277.8079,10001.08
2020-10-01,A4319110306,38,"AQ Velocity","Plus Red",275.8194,10481.14
2020-10-01,A4419110401,30,"AQ Elite","Standard Grey",271.3471,8140.41
2020-10-01,A4419110402,12,"AQ Elite","Standard Blue",281.9504,3383.40
2020-10-01,A4419110403,11,"AQ Elite","Standard Red",288.0503,3168.55
2020-10-01,A4419110404,40,"AQ Elite","Plus Grey",286.8973,11475.89
2020-10-01,A4419110405,38,"AQ Elite","Plus Blue",291.2071,11065.87
2020-10-01,A4419110406,10,"AQ Elite","Plus Red",287.5666,2875.67
2020-10-01,A4419110407,21,"AQ Elite","Premium Black",287.4934,6037.36
2020-10-01,A4419110408,24,"AQ Elite","Premium Misty Green",297.0277,7128.66
2020-10-01,A4519110501,9,"AQ Gen X","Standard Grey",311.8396,2806.56
2020-10-01,A4519110502,36,"AQ Gen X","Standard Blue",300.3378,10812.16
2020-10-01,A4519110503,42,"AQ Gen X","Standard Red",306.9189,12890.59
2020-10-01,A4520110504,35,"AQ Gen X","Plus Grey",341.7343,11960.70
2020-10-01,A4520110505,26,"AQ Gen X","Plus Blue",325.2156,8455.61
2020-10-01,A4520110506,24,"AQ Gen X","Plus Red",325.2561,7806.15
2020-10-01,A4520110507,15,"AQ Gen X","Premium Black",322.9426,4844.14
2020-10-01,A4520110508,43,"AQ Gen X","Premium Misty Green",327.0930,14065.00
2020-10-01,A4620110601,21,"AQ Gen Y","Standard Grey",347.2474,7292.20
2020-10-01,A4620110602,31,"AQ Gen Y","Standard Blue",346.6886,10747.35
2020-10-01,A4620110603,14,"AQ Gen Y","Standard Red",366.0459,5124.64
2020-10-01,A4620110604,37,"AQ Gen Y","Plus Grey",353.0982,13064.63
2020-10-01,A4620110605,14,"AQ Gen Y","Plus Blue",349.2525,4889.54
2020-10-01,A4620110606,35,"AQ Gen Y","Plus Red",348.5375,12198.81
2020-10-01,A4620110607,31,"AQ Gen Y","Premium Black",347.8030,10781.89
2020-10-01,A4620110608,11,"AQ Gen Y","Premium Misty Green",363.0630,3993.69
2020-10-01,A4720110701,35,"AQ GEN Z","Standard Grey",367.7335,12870.67
2020-10-01,A4720110702,18,"AQ GEN Z","Standard Blue",371.4027,6685.25
2020-10-01,A4721110703,34,"AQ GEN Z","Standard Red",361.6496,12296.09
2020-10-01,A4721110704,44,"AQ GEN Z","Plus Grey",380.2153,16729.47
2020-10-01,A4721110705,36,"AQ GEN Z","Plus Blue",377.4069,13586.65
2020-10-01,A4918110101,18,"AQ BZ 101","Standard Grey",419.1936,7545.48
2020-10-01,A4918110102,29,"AQ BZ 101","Standard Blue",451.4881,13093.15
2020-10-01,A4918110103,15,"AQ BZ 101","Premium Black",428.1451,6422.18
2020-10-01,A4918110104,33,"AQ BZ 101","Premium Misty Green",460.2805,15189.26
2020-10-01,A5018110201,16,"AQ BZ Compact","Standard Grey",451.7049,7227.28
2020-10-01,A5018110202,11,"AQ BZ Compact","Standard Blue",462.5568,5088.12
2020-10-01,A5018110203,37,"AQ BZ Compact","Standard Red",452.1420,16729.25
2020-10-01,A5018110204,14,"AQ BZ Compact","Plus Grey",447.7337,6268.27
2020-10-01,A5018110205,32,"AQ BZ Compact","Plus Blue",486.1763,15557.64
2020-10-01,A5018110206,9,"AQ BZ Compact","Plus Red",475.5544,4279.99
2020-10-01,A5018110207,32,"AQ BZ Compact","Premium Black",475.1904,15206.09
2020-10-01,A5019110208,36,"AQ BZ Compact","Premium Misty Green",467.3047,16822.97
2020-10-01,A5119110301,11,"AQ BZ Gen Y","Standard Grey",479.0441,5269.49
2020-10-01,A5119110302,22,"AQ BZ Gen Y","Standard Blue",474.3132,10434.89
2020-10-01,A5119110303,11,"AQ BZ Gen Y","Standard Red",474.3154,5217.47
2020-10-01,A5119110305,36,"AQ BZ Gen Y","Plus Blue",483.3813,17401.73
2020-10-01,A5119110306,26,"AQ BZ Gen Y","Plus Red",486.4857,12648.63
2020-10-01,A5119110307,27,"AQ BZ Gen Y","Premium Black",516.4580,13944.37
2020-10-01,A5119110308,7,"AQ BZ Gen Y","Premium Misty Green",512.5811,3588.07
2020-10-01,A5219110401,30,"AQ BZ Gen Z","Standard Grey",506.9644,15208.93
2020-10-01,A5219110402,34,"AQ BZ Gen Z","Standard Blue",490.1582,16665.38
2020-10-01,A5219110403,16,"AQ BZ Gen Z","Standard Red",525.8042,8412.87
2020-10-01,A5219110405,37,"AQ BZ Gen Z","Plus Blue",521.2603,19286.63
2020-10-01,A5219110406,9,"AQ BZ Gen Z","Plus Red",550.4597,4954.14
2020-10-01,A5219110407,25,"AQ BZ Gen Z","Premium Black",545.5931,13639.83
2020-10-01,A5220110408,36,"AQ BZ Gen Z","Premium Misty Green",533.0397,19189.43
2020-10-01,A5318110103,16,"AQ Gamer 1","Standard Black",584.9722,9359.56
2020-10-01,A5318110104,21,"AQ Gamer 1","Plus Firey Red",586.3824,12314.03
2020-10-01,A5318110105,7,"AQ Gamer 1","Plus Cool Blue",551.3303,3859.31
2020-10-01,A5318110106,13,"AQ Gamer 1","Plus Black",565.8747,7356.37
2020-10-01,A5318110107,16,"AQ Gamer 1","Premium Black",571.6489,9146.38
2020-10-01,A5318110108,6,"AQ Gamer 1","Premium Misty Green",579.6609,3477.97
2020-10-01,A5419110201,9,"AQ Gamer 2","Standard Firey Red",585.0003,5265.00
2020-10-01,A5419110202,16,"AQ Gamer 2","Standard Cool Blue",567.9271,9086.83
2020-10-01,A5419110203,6,"AQ Gamer 2","Standard Black",595.5711,3573.43
2020-10-01,A5419110204,8,"AQ Gamer 2","Plus Firey Red",602.9200,4823.36
2020-10-01,A5419110205,9,"AQ Gamer 2","Plus Cool Blue",570.7578,5136.82
2020-10-01,A5419110206,14,"AQ Gamer 2","Plus Black",601.6398,8422.96
2020-10-01,A5419110207,14,"AQ Gamer 2","Premium Black",599.2302,8389.22
2020-10-01,A5419110208,5,"AQ Gamer 2","Premium Misty Green",608.4070,3042.04
2020-10-01,A5519110301,6,"AQ Gamer 3","Standard Firey Red",589.7411,3538.45
2020-10-01,A5519110302,15,"AQ Gamer 3","Standard Cool Blue",605.8642,9087.96
2020-10-01,A5519110303,6,"AQ Gamer 3","Standard Black",604.2721,3625.63
2020-10-01,A5519110304,19,"AQ Gamer 3","Plus Firey Red",597.7704,11357.64
2020-10-01,A5520110305,5,"AQ Gamer 3","Plus Cool Blue",632.4885,3162.44
2020-10-01,A5520110306,15,"AQ Gamer 3","Plus Black",639.6816,9595.22
2020-10-01,A5520110307,17,"AQ Gamer 3","Premium Black",609.7926,10366.47
2020-10-01,A5520110308,19,"AQ Gamer 3","Premium Misty Green",590.1159,11212.20
2020-10-01,A5620110401,13,"AQ Smash 1","Standard Firey Red",642.0698,8346.91
2020-10-01,A5620110402,16,"AQ Smash 1","Standard Cool Blue",593.8297,9501.28
2020-10-01,A5621110403,5,"AQ Smash 1","Standard Black",631.1855,3155.93
2020-10-01,A5621110404,19,"AQ Smash 1","Plus Firey Red",639.9614,12159.27
2020-10-01,A5621110405,22,"AQ Smash 1","Plus Cool Blue",601.8173,13239.98
2020-10-01,A5621110406,11,"AQ Smash 1","Plus Black",644.3777,7088.15
2020-10-01,A5621110407,13,"AQ Smash 1","Premium Black",655.7782,8525.12
2020-10-01,A5621110408,13,"AQ Smash 1","Premium Misty Green",657.2525,8544.28
2020-10-01,A5721110501,21,"AQ Smash 2","Standard Firey Red",649.6929,13643.55
2020-10-01,A5721110502,20,"AQ Smash 2","Standard Cool Blue",627.9938,12559.88
2020-10-01,A5721110503,17,"AQ Smash 2","Standard Black",678.3035,11531.16
2020-10-01,A5721110504,15,"AQ Smash 2","Plus Firey Red",655.8348,9837.52
2020-10-01,A5721110505,18,"AQ Smash 2","Plus Cool Blue",674.4272,12139.69
2020-10-01,A5721110506,16,"AQ Smash 2","Plus Black",720.5460,11528.74
2020-10-01,A5820110101,22,"AQ BZ Allin1","Standard 1",681.3022,14988.65
2020-10-01,A5820110102,11,"AQ BZ Allin1","Standard 2",697.5541,7673.10
2020-10-01,A5820110103,17,"AQ BZ Allin1","Standard 3",735.1465,12497.49
2020-10-01,A5820110104,7,"AQ BZ Allin1","Plus 1",690.4971,4833.48
2020-10-01,A5820110105,29,"AQ BZ Allin1","Plus 2",709.3926,20572.39
2020-10-01,A5820110106,25,"AQ BZ Allin1","Plus 3",692.5242,17313.11
2020-10-01,A5820110107,34,"AQ BZ Allin1","Premium 1",737.6775,25081.04
2020-10-01,A5821110108,32,"AQ BZ Allin1","Premium 2",746.7388,23895.64
2020-10-01,A6018110101,2,"AQ Home Allin1","Standard 1",800.4577,1600.92
2020-10-01,A6018110102,6,"AQ Home Allin1","Standard 2",764.0542,4584.33
2020-10-01,A6018110103,2,"AQ Home Allin1","Standard 3",770.9789,1541.96
2020-10-01,A6018110104,7,"AQ Home Allin1","Plus 1",749.0987,5243.69
2020-10-01,A6018110105,6,"AQ Home Allin1","Plus 2",766.6472,4599.88
2020-10-01,A6018110106,7,"AQ Home Allin1","Plus 3",787.5874,5513.11
2020-10-01,A6019110107,3,"AQ Home Allin1","Premium 1",785.9918,2357.98
2020-10-01,A6019110108,2,"AQ Home Allin1","Premium 2",796.6606,1593.32
2020-10-01,A6119110201,3,"AQ HOME Allin1 Gen 2","Standard 1",824.0889,2472.27
2020-10-01,A6119110202,7,"AQ HOME Allin1 Gen 2","Standard 2",790.1040,5530.73
2020-10-01,A6119110203,3,"AQ HOME Allin1 Gen 2","Standard 3",769.5635,2308.69
2020-10-01,A6119110204,7,"AQ HOME Allin1 Gen 2","Plus 1",807.2638,5650.85
2020-10-01,A6120110205,7,"AQ HOME Allin1 Gen 2","Plus 2",834.9812,5844.87
2020-10-01,A6120110206,5,"AQ HOME Allin1 Gen 2","Plus 3",810.6034,4053.02
2020-10-01,A6218160101,565,"AQ Digit SSD",Standard,13.5941,7680.67
2020-10-01,A6218160102,1165,"AQ Digit SSD",Plus,15.2481,17764.04
2020-10-01,A6219160103,938,"AQ Digit SSD",Premium,16.3003,15289.68
2020-10-01,A6319160201,979,"AQ Neuer SSD",Standard,17.3590,16994.46
2020-10-01,A6319160202,1330,"AQ Neuer SSD",Plus,18.5733,24702.49
2020-10-01,A6319160203,462,"AQ Neuer SSD",Premium,19.3433,8936.60
2020-10-01,A6419160301,360,"AQ Clx1",Standard,17.8043,6409.55
2020-10-01,A6419160302,1276,"AQ Clx1",Plus,19.6723,25101.85
2020-10-01,A6419160303,1274,"AQ Clx1",Premium,19.3342,24631.77
2020-10-01,A6519160401,292,"AQ Clx2",Standard,20.2889,5924.36
2020-10-01,A6520160402,1030,"AQ Clx2",Plus,20.1650,20769.95
2020-10-01,A6520160403,581,"AQ Clx2",Premium,21.2830,12365.42
2020-10-01,A6620160501,387,"AQ Clx3",Standard,22.8530,8844.11
2020-10-01,A6720160103,2256,"AQ Pen Drive 2 IN 1",Premium,4.4411,10019.12
2020-10-01,A6818160201,828,"AQ Pen Drive DRC",Standard,2.9990,2483.17
2020-10-01,A6818160202,2256,"AQ Pen Drive DRC",Plus,3.8531,8692.59
2020-10-01,A6819160203,1483,"AQ Pen Drive DRC",Premium,5.0984,7560.93
2020-10-01,A7118160101,507,"AQ Wi Power Dx1",Standard,29.6712,15043.30
2020-10-01,A7119160102,305,"AQ Wi Power Dx1",Plus,29.9264,9127.55
2020-10-01,A7119160103,618,"AQ Wi Power Dx1",Premium,28.7736,17782.08
2020-10-01,A7219160201,768,"AQ Wi Power Dx2",Standard,32.9575,25311.36
2020-10-01,A7220160202,685,"AQ Wi Power Dx2",Plus,35.2053,24115.63
2020-10-01,A7220160203,917,"AQ Wi Power Dx2",Premium,37.4784,34367.69
2020-10-01,A7321160301,479,"AQ Wi Power Dx3",Standard,40.7954,19541.00
2020-10-01,A7321160302,243,"AQ Wi Power Dx3",Plus,43.9446,10678.54
2020-10-01,A7321160303,586,"AQ Wi Power Dx3",Premium,42.8483,25109.10
2020-12-01,A0118150101,113,"AQ Dracula HDD – 3.5 Inch SATA 6 Gb/s 5400 RPM 256 MB Cache",Standard,19.0573,2153.47
2020-12-01,A0118150102,172,"AQ Dracula HDD – 3.5 Inch SATA 6 Gb/s 5400 RPM 256 MB Cache",Plus,21.4565,3690.52
2020-12-01,A0118150103,383,"AQ Dracula HDD – 3.5 Inch SATA 6 Gb/s 5400 RPM 256 MB Cache",Premium,21.7795,8341.55
2020-12-01,A0118150104,199,"AQ Dracula HDD – 3.5 Inch SATA 6 Gb/s 5400 RPM 256 MB Cache","Premium Plus",22.9729,4571.61
2020-12-01,A0219150201,362,"AQ WereWolf NAS Internal Hard Drive HDD – 8.89 cm",Standard,23.6987,8578.93
2020-12-01,A0219150202,409,"AQ WereWolf NAS Internal Hard Drive HDD – 8.89 cm",Plus,24.7312,10115.06
2020-12-01,A0220150203,121,"AQ WereWolf NAS Internal Hard Drive HDD – 8.89 cm",Premium,23.6154,2857.46
2020-12-01,A0320150301,364,"AQ Zion Saga",Standard,23.7223,8634.92
2020-12-01,A0321150302,339,"AQ Zion Saga",Plus,27.1027,9187.82
2020-12-01,A0321150303,275,"AQ Zion Saga",Premium,28.0059,7701.62
2020-12-01,A0418150103,230,"AQ Mforce Gen X","Standard 3",19.5235,4490.41
2020-12-01,A0418150104,110,"AQ Mforce Gen X","Plus 1",19.9239,2191.63
2020-12-01,A0418150105,329,"AQ Mforce Gen X","Plus 2",20.0766,6605.20
2020-12-01,A0418150106,248,"AQ Mforce Gen X","Plus 3",19.9365,4944.25
2020-12-01,A0519150201,126,"AQ Mforce Gen Y","Standard 1",22.3984,2822.20
2020-12-01,A0519150202,174,"AQ Mforce Gen Y","Standard 2",24.9298,4337.79
2020-12-01,A0519150203,356,"AQ Mforce Gen Y","Standard 3",26.5871,9465.01
2020-12-01,A0519150204,101,"AQ Mforce Gen Y","Plus 1",26.1081,2636.92
2020-12-01,A0519150205,178,"AQ Mforce Gen Y","Plus 2",29.7008,5286.74
2020-12-01,A0519150206,125,"AQ Mforce Gen Y","Plus 3",31.2439,3905.49
2020-12-01,A0519150207,48,"AQ Mforce Gen Y","Premium 1",32.4427,1557.25
2020-12-01,A0519150208,184,"AQ Mforce Gen Y","Premium 2",30.5816,5627.01
2020-12-01,A0619150301,84,"AQ Mforce Gen Z","Standard 1",30.4696,2559.45
2020-12-01,A0619150302,235,"AQ Mforce Gen Z","Standard 2",34.0973,8012.87
2020-12-01,A0620150303,325,"AQ Mforce Gen Z","Standard 3",34.2412,11128.39
2020-12-01,A0620150304,92,"AQ Mforce Gen Z","Plus 1",37.5826,3457.60
2020-12-01,A0620150305,335,"AQ Mforce Gen Z","Plus 2",36.5679,12250.25
2020-12-01,A0620150306,332,"AQ Mforce Gen Z","Plus 3",37.5278,12459.23
2020-12-01,A0621150307,352,"AQ Mforce Gen Z","Premium 1",36.2434,12757.68
2020-12-01,A0621150308,343,"AQ Mforce Gen Z","Premium 2",39.3990,13513.86
2020-12-01,A0721150401,287,"AQ GT 21",Standard,39.3377,11289.92
2020-12-01,A0721150402,198,"AQ GT 21","Plus 1",39.1465,7751.01
2020-12-01,A0721150403,149,"AQ GT 21","Plus 2",39.2990,5855.55
2020-12-01,A0721150404,99,"AQ GT 21",Premium,39.1215,3873.03
2020-12-01,A0821150501,333,"AQ Marquee P3",Standard,40.5013,13486.93
2020-12-01,A0821150502,80,"AQ Marquee P3","Plus 1",43.2966,3463.73
2020-12-01,A0821150503,208,"AQ Marquee P3","Plus 2",42.3841,8815.89
2020-12-01,A0821150504,193,"AQ Marquee P3",Premium,44.7044,8627.95
2020-12-01,A0921150601,147,"AQ Marquee P4",Standard,45.0813,6626.95
2020-12-01,A1018150101,281,"AQ 5000 Series Electron 9 5900X Desktop Processor",Standard,111.1036,31220.11
2020-12-01,A1018150102,166,"AQ 5000 Series Electron 9 5900X Desktop Processor",Plus,123.4797,20497.63
2020-12-01,A1018150103,350,"AQ 5000 Series Electron 9 5900X Desktop Processor",Premium,123.9315,43376.03
2020-12-01,A1118150201,264,"AQ 5000 Series Electron 8 5900X Desktop Processor",Standard,124.2640,32805.70
2020-12-01,A1118150202,46,"AQ 5000 Series Electron 8 5900X Desktop Processor",Plus,129.5836,5960.85
2020-12-01,A1119150203,108,"AQ 5000 Series Electron 8 5900X Desktop Processor",Premium,139.8962,15108.79
2020-12-01,A1219150301,50,"AQ 5000 Series Ultron 8 5900X Desktop Processor",Standard,135.6822,6784.11
2020-12-01,A1219150302,279,"AQ 5000 Series Ultron 8 5900X Desktop Processor",Plus,145.1474,40496.12
2020-12-01,A1219150303,349,"AQ 5000 Series Ultron 8 5900X Desktop Processor",Premium,142.9402,49886.13
2020-12-01,A1319150401,353,"AQ Electron 5 3600 Desktop Processor",Standard,149.1034,52633.50
2020-12-01,A1320150402,262,"AQ Electron 5 3600 Desktop Processor",Plus,150.2450,39364.19
2020-12-01,A1320150403,79,"AQ Electron 5 3600 Desktop Processor",Premium,160.6912,12694.60
2020-12-01,A1420150501,41,"AQ Electron 4 3600 Desktop Processor",Standard,160.5082,6580.84
2020-12-01,A1420150502,174,"AQ Electron 4 3600 Desktop Processor",Plus,169.4999,29492.98
2020-12-01,A1421150503,88,"AQ Electron 4 3600 Desktop Processor",Premium,176.4389,15526.62
2020-12-01,A1521150601,297,"AQ Electron 3 3600 Desktop Processor",Standard,186.2917,55328.63
2020-12-01,A1521150602,210,"AQ Electron 3 3600 Desktop Processor",Plus,185.4599,38946.58
2020-12-01,A1618150101,167,"AQ MB Elite",Standard,19.6485,3281.30
2020-12-01,A1618150102,80,"AQ MB Elite","Plus 1",20.4629,1637.03
2020-12-01,A1618150103,208,"AQ MB Elite","Plus 2",21.2017,4409.95
2020-12-01,A1618150104,167,"AQ MB Elite",Premium,21.4489,3581.97
2020-12-01,A1718150201,164,"AQ MB Crossx",Standard,21.8879,3589.62
2020-12-01,A1718150202,142,"AQ MB Crossx","Plus 1",22.8957,3251.19
2020-12-01,A1718150203,127,"AQ MB Crossx","Plus 2",27.3445,3472.75
2020-12-01,A1718150204,191,"AQ MB Crossx",Premium,28.3991,5424.23
2020-12-01,A1819150301,57,"AQ MB Crossx 2",Standard,28.8615,1645.11
2020-12-01,A1819150302,53,"AQ MB Crossx 2","Plus 1",31.9525,1693.48
2020-12-01,A1819150303,126,"AQ MB Crossx 2","Plus 2",32.1924,4056.24
2020-12-01,A1819150304,102,"AQ MB Crossx 2",Premium,32.2612,3290.64
2020-12-01,A1919150401,41,"AQ MB Lito",Standard,33.7609,1384.20
2020-12-01,A1919150402,131,"AQ MB Lito","Plus 1",35.0256,4588.35
2020-12-01,A1919150403,73,"AQ MB Lito","Plus 2",35.8350,2615.96
2020-12-01,A1920150404,207,"AQ MB Lito",Premium,38.9780,8068.45
2020-12-01,A2020150501,34,"AQ MB Lito 2",Standard,41.3696,1406.57
2020-12-01,A2020150502,148,"AQ MB Lito 2","Plus 1",39.3932,5830.19
2020-12-01,A2021150503,187,"AQ MB Lito 2","Plus 2",45.4377,8496.85
2020-12-01,A2118150101,921,"AQ Master wired x1 Ms","Standard 1",2.9434,2710.87
2020-12-01,A2118150102,1816,"AQ Master wired x1 Ms","Standard 2",3.9998,7263.64
2020-12-01,A2118150103,1771,"AQ Master wired x1 Ms","Plus 1",4.5295,8021.74
2020-12-01,A2118150104,584,"AQ Master wired x1 Ms","Plus 2",5.0459,2946.81
2020-12-01,A2118150105,1123,"AQ Master wired x1 Ms","Premium 1",4.6904,5267.32
2020-12-01,A2118150106,749,"AQ Master wired x1 Ms","Premium 2",5.2542,3935.40
2020-12-01,A2218150201,1827,"AQ Master wireless x1 Ms","Standard 1",5.4383,9935.77
2020-12-01,A2218150202,640,"AQ Master wireless x1 Ms","Standard 2",6.4054,4099.46
2020-12-01,A2219150203,1333,"AQ Master wireless x1 Ms","Plus 1",6.7301,8971.22
2020-12-01,A2219150204,1842,"AQ Master wireless x1 Ms","Plus 2",7.3526,13543.49
2020-12-01,A2219150205,1595,"AQ Master wireless x1 Ms","Premium 1",7.9813,12730.17
2020-12-01,A2219150206,401,"AQ Master wireless x1 Ms","Premium 2",8.3193,3336.04
2020-12-01,A2319150301,1587,"AQ Gamers Ms","Standard 1",8.8044,13972.58
2020-12-01,A2319150302,1250,"AQ Gamers Ms","Standard 2",8.9901,11237.63
2020-12-01,A2319150303,341,"AQ Gamers Ms","Plus 1",9.3977,3204.62
2020-12-01,A2319150304,1430,"AQ Gamers Ms","Plus 2",10.4573,14953.94
2020-12-01,A2319150305,1209,"AQ Gamers Ms","Premium 1",10.4370,12618.33
2020-12-01,A2319150306,389,"AQ Gamers Ms","Premium 2",10.8659,4226.84
2020-12-01,A2419150401,513,"AQ Lite Ms","Standard 1",11.4829,5890.73
2020-12-01,A2419150402,1483,"AQ Lite Ms","Standard 2",11.2819,16731.06
2020-12-01,A2419150403,711,"AQ Lite Ms","Plus 1",10.8925,7744.57
2020-12-01,A2419150404,1183,"AQ Lite Ms","Plus 2",11.6332,13762.08
2020-12-01,A2419150405,846,"AQ Lite Ms","Premium 1",12.7423,10779.99
2020-12-01,A2420150406,1179,"AQ Lite Ms","Premium 2",12.2979,14499.22
2020-12-01,A2520150501,1363,"AQ Maxima Ms","Standard 1",12.0689,16449.91
2020-12-01,A2520150502,1760,"AQ Maxima Ms","Standard 2",14.5267,25566.99
2020-12-01,A2520150503,1194,"AQ Maxima Ms","Plus 1",14.1682,16916.83
2020-12-01,A2520150504,1587,"AQ Maxima Ms","Plus 2",14.2800,22662.36
2020-12-01,A2520150505,1692,"AQ Maxima Ms","Premium 1",15.1762,25678.13
2020-12-01,A2520150506,1101,"AQ Maxima Ms","Premium 2",14.5677,16039.04
2020-12-01,A2620150601,513,"AQ Qwerty Ms","Standard 1",14.9013,7644.37
2020-12-01,A2620150602,1584,"AQ Qwerty Ms","Standard 2",15.8102,25043.36
2020-12-01,A2620150603,1269,"AQ Qwerty Ms","Plus 1",15.9792,20277.60
2020-12-01,A2620150604,726,"AQ Qwerty Ms","Plus 2",16.5491,12014.65
2020-12-01,A2620150605,318,"AQ Qwerty Ms","Premium 1",16.5882,5275.05
2020-12-01,A2620150606,651,"AQ Qwerty Ms","Premium 2",16.7850,10927.04
2020-12-01,A2720150701,565,"AQ Trigger Ms","Standard 1",17.0917,9656.81
2020-12-01,A2721150702,1501,"AQ Trigger Ms","Standard 2",17.2368,25872.44
2020-12-01,A2721150703,970,"AQ Trigger Ms","Plus 1",16.9353,16427.24
2020-12-01,A2721150704,977,"AQ Trigger Ms","Plus 2",19.5860,19135.52
2020-12-01,A2721150705,464,"AQ Trigger Ms","Premium 1",19.4042,9003.55
2020-12-01,A2721150706,573,"AQ Trigger Ms","Premium 2",20.0537,11490.77
2020-12-01,A2821150801,1142,"AQ Lumina Ms","Standard 1",21.7118,24794.88
2020-12-01,A2918150101,1568,"AQ Master wired x1","Standard 1",6.8991,10817.79
2020-12-01,A2918150102,748,"AQ Master wired x1","Standard 2",7.5979,5683.23
2020-12-01,A2918150103,706,"AQ Master wired x1","Plus 1",7.7693,5485.13
2020-12-01,A2918150104,1071,"AQ Master wired x1","Plus 2",8.9514,9586.95
2020-12-01,A2918150105,1315,"AQ Master wired x1","Premium 1",9.4650,12446.48
2020-12-01,A2918150106,627,"AQ Master wired x1","Premium 2",10.4188,6532.59
2020-12-01,A3018150201,1543,"AQ Master wireless x1","Standard 1",10.7955,16657.46
2020-12-01,A3018150202,1498,"AQ Master wireless x1","Standard 2",11.0524,16556.50
2020-12-01,A3018150203,431,"AQ Master wireless x1","Plus 1",12.3739,5333.15
2020-12-01,A3019150204,1324,"AQ Master wireless x1","Plus 2",11.6011,15359.86
2020-12-01,A3019150205,1236,"AQ Master wireless x1","Premium 1",12.0509,14894.91
2020-12-01,A3019150206,348,"AQ Master wireless x1","Premium 2",13.0018,4524.63
2020-12-01,A3119150301,247,"AQ Gamers ","Standard 1",13.5061,3336.01
2020-12-01,A3119150302,507,"AQ Gamers ","Standard 2",15.3071,7760.70
2020-12-01,A3119150303,317,"AQ Gamers ","Plus 1",16.2407,5148.30
2020-12-01,A3120150304,1384,"AQ Gamers ","Plus 2",16.3792,22668.81
2020-12-01,A3120150305,681,"AQ Gamers ","Premium 1",16.3218,11115.15
2020-12-01,A3120150306,744,"AQ Gamers ","Premium 2",19.3003,14359.42
2020-12-01,A3220150401,1118,"AQ Lite","Standard 1",18.4943,20676.63
2020-12-01,A3220150402,577,"AQ Lite","Standard 2",18.7947,10844.54
2020-12-01,A3220150403,596,"AQ Lite","Plus 1",18.5844,11076.30
2020-12-01,A3220150404,950,"AQ Lite","Plus 2",18.4219,17500.81
2020-12-01,A3220150405,1147,"AQ Lite","Premium 1",18.9415,21725.90
2020-12-01,A3220150406,1020,"AQ Lite","Premium 2",20.0066,20406.73
2020-12-01,A3320150501,228,"AQ Maxima","Standard 1",20.3908,4649.10
2020-12-01,A3320150502,1191,"AQ Maxima","Standard 2",21.6988,25843.27
2020-12-01,A3320150503,377,"AQ Maxima","Plus 1",20.8733,7869.23
2020-12-01,A3320150504,539,"AQ Maxima","Plus 2",22.1341,11930.28
2020-12-01,A3320150505,247,"AQ Maxima","Premium 1",23.0844,5701.85
2020-12-01,A3320150506,1198,"AQ Maxima","Premium 2",23.7678,28473.82
2020-12-01,A3420150601,310,"AQ Qwerty","Standard 1",24.5690,7616.39
2020-12-01,A3420150602,336,"AQ Qwerty","Standard 2",23.9726,8054.79
2020-12-01,A3421150603,523,"AQ Qwerty","Plus 1",26.9507,14095.22
2020-12-01,A3421150604,1350,"AQ Qwerty","Plus 2",27.4152,37010.52
2020-12-01,A3421150605,1128,"AQ Qwerty","Premium 1",29.8692,33692.46
2020-12-01,A3421150606,744,"AQ Qwerty","Premium 2",29.6709,22075.15
2020-12-01,A3521150701,1188,"AQ Trigger","Standard 1",29.3872,34911.99
2020-12-01,A3521150702,1049,"AQ Trigger","Standard 2",30.3414,31828.13
2020-12-01,A3521150703,827,"AQ Trigger","Plus 1",31.7665,26270.90
2020-12-01,A3521150704,304,"AQ Trigger","Plus 2",33.6246,10221.88
2020-12-01,A3521150705,897,"AQ Trigger","Premium 1",34.5114,30956.73
2020-12-01,A3718150101,114,"AQ LION x1",Standard,16.5127,1882.45
2020-12-01,A3718150102,149,"AQ LION x1","Plus 1 ",16.1015,2399.12
2020-12-01,A3718150103,62,"AQ LION x1","Plus 2",17.5697,1089.32
2020-12-01,A3718150105,57,"AQ LION x1",Premium,18.0312,1027.78
2020-12-01,A3818150201,138,"AQ LION x2",Standard,17.2648,2382.54
2020-12-01,A3818150202,127,"AQ LION x2","Plus 1 ",17.5197,2225.00
2020-12-01,A3819150203,68,"AQ LION x2","Plus 2",18.4533,1254.82
2020-12-01,A3819150204,98,"AQ LION x2","Plus 3",21.1942,2077.03
2020-12-01,A3819150205,61,"AQ LION x2",Premium,21.6066,1318.00
2020-12-01,A3920150301,45,"AQ LION x3",Standard,22.1454,996.54
2020-12-01,A3920150302,55,"AQ LION x3","Plus 1 ",23.1520,1273.36
2020-12-01,A3920150303,152,"AQ LION x3","Plus 2",25.4670,3870.98
2020-12-01,A3920150304,128,"AQ LION x3","Plus 3",25.0442,3205.66
2020-12-01,A3920150305,82,"AQ LION x3",Premium,27.4546,2251.28
2020-12-01,A4020150401,105,"AQ Mx NB",Standard,26.9302,2827.67
2020-12-01,A4020150402,62,"AQ Mx NB","Plus 1 ",28.4500,1763.90
2020-12-01,A4021150403,86,"AQ Mx NB","Plus 2",29.9423,2575.04
2020-12-01,A4021150404,89,"AQ Mx NB","Plus 3",28.5800,2543.62
2020-12-01,A4021150405,68,"AQ Mx NB",Premium,31.7029,2155.80
2020-12-01,A4118110105,57,"AQ Aspiron","Plus Blue",182.8932,10424.91
2020-12-01,A4118110106,54,"AQ Aspiron","Plus Red",187.7533,10138.68
2020-12-01,A4118110107,30,"AQ Aspiron","Premium Black",195.7721,5873.16
2020-12-01,A4218110201,35,"AQ Digit","Standard Grey",200.2732,7009.56
2020-12-01,A4218110202,42,"AQ Digit","Standard Blue",215.9341,9069.23
2020-12-01,A4218110203,48,"AQ Digit","Standard Red",236.8486,11368.73
2020-12-01,A4218110204,41,"AQ Digit","Plus Grey",232.1038,9516.26
2020-12-01,A4218110205,40,"AQ Digit","Plus Blue",240.1403,9605.61
2020-12-01,A4218110206,18,"AQ Digit","Plus Red",237.0183,4266.33
2020-12-01,A4218110207,46,"AQ Digit","Premium Black",249.1303,11459.99
2020-12-01,A4218110208,57,"AQ Digit","Premium Misty Green",243.0414,13853.36
2020-12-01,A4318110301,42,"AQ Velocity","Standard Grey",264.7000,11117.40
2020-12-01,A4319110302,33,"AQ Velocity","Standard Blue",267.2091,8817.90
2020-12-01,A4319110303,56,"AQ Velocity","Standard Red",261.2305,14628.91
2020-12-01,A4319110304,73,"AQ Velocity","Plus Grey",267.0636,19495.64
2020-12-01,A4319110305,12,"AQ Velocity","Plus Blue",277.8079,3333.69
2020-12-01,A4319110306,62,"AQ Velocity","Plus Red",275.8194,17100.80
2020-12-01,A4419110401,67,"AQ Elite","Standard Grey",271.3471,18180.26
2020-12-01,A4419110402,70,"AQ Elite","Standard Blue",281.9504,19736.53
2020-12-01,A4419110403,17,"AQ Elite","Standard Red",288.0503,4896.86
2020-12-01,A4419110404,51,"AQ Elite","Plus Grey",286.8973,14631.76
2020-12-01,A4419110405,39,"AQ Elite","Plus Blue",291.2071,11357.08
2020-12-01,A4419110406,27,"AQ Elite","Plus Red",287.5666,7764.30
2020-12-01,A4419110407,16,"AQ Elite","Premium Black",287.4934,4599.89
2020-12-01,A4419110408,62,"AQ Elite","Premium Misty Green",297.0277,18415.72
2020-12-01,A4519110501,44,"AQ Gen X","Standard Grey",311.8396,13720.94
2020-12-01,A4519110502,54,"AQ Gen X","Standard Blue",300.3378,16218.24
2020-12-01,A4519110503,68,"AQ Gen X","Standard Red",306.9189,20870.49
2020-12-01,A4520110504,40,"AQ Gen X","Plus Grey",341.7343,13669.37
2020-12-01,A4520110505,15,"AQ Gen X","Plus Blue",325.2156,4878.23
2020-12-01,A4520110506,21,"AQ Gen X","Plus Red",325.2561,6830.38
2020-12-01,A4520110507,68,"AQ Gen X","Premium Black",322.9426,21960.10
2020-12-01,A4520110508,70,"AQ Gen X","Premium Misty Green",327.0930,22896.51
2020-12-01,A4620110601,24,"AQ Gen Y","Standard Grey",347.2474,8333.94
2020-12-01,A4620110602,31,"AQ Gen Y","Standard Blue",346.6886,10747.35
2020-12-01,A4620110603,37,"AQ Gen Y","Standard Red",366.0459,13543.70
2020-12-01,A4620110604,56,"AQ Gen Y","Plus Grey",353.0982,19773.50
2020-12-01,A4620110605,16,"AQ Gen Y","Plus Blue",349.2525,5588.04
2020-12-01,A4620110606,56,"AQ Gen Y","Plus Red",348.5375,19518.10
2020-12-01,A4620110607,58,"AQ Gen Y","Premium Black",347.8030,20172.57
2020-12-01,A4620110608,40,"AQ Gen Y","Premium Misty Green",363.0630,14522.52
2020-12-01,A4720110701,30,"AQ GEN Z","Standard Grey",367.7335,11032.01
2020-12-01,A4720110702,41,"AQ GEN Z","Standard Blue",371.4027,15227.51
2020-12-01,A4721110703,37,"AQ GEN Z","Standard Red",361.6496,13381.04
2020-12-01,A4721110704,48,"AQ GEN Z","Plus Grey",380.2153,18250.33
2020-12-01,A4721110705,19,"AQ GEN Z","Plus Blue",377.4069,7170.73
2020-12-01,A4918110101,36,"AQ BZ 101","Standard Grey",419.1936,15090.97
2020-12-01,A4918110102,39,"AQ BZ 101","Standard Blue",451.4881,17608.04
2020-12-01,A4918110103,41,"AQ BZ 101","Premium Black",428.1451,17553.95
2020-12-01,A4918110104,41,"AQ BZ 101","Premium Misty Green",460.2805,18871.50
2020-12-01,A5018110201,34,"AQ BZ Compact","Standard Grey",451.7049,15357.97
2020-12-01,A5018110202,35,"AQ BZ Compact","Standard Blue",462.5568,16189.49
2020-12-01,A5018110203,22,"AQ BZ Compact","Standard Red",452.1420,9947.12
2020-12-01,A5018110204,47,"AQ BZ Compact","Plus Grey",447.7337,21043.48
2020-12-01,A5018110205,18,"AQ BZ Compact","Plus Blue",486.1763,8751.17
2020-12-01,A5018110206,21,"AQ BZ Compact","Plus Red",475.5544,9986.64
2020-12-01,A5018110207,12,"AQ BZ Compact","Premium Black",475.1904,5702.28
2020-12-01,A5019110208,36,"AQ BZ Compact","Premium Misty Green",467.3047,16822.97
2020-12-01,A5119110301,40,"AQ BZ Gen Y","Standard Grey",479.0441,19161.76
2020-12-01,A5119110302,19,"AQ BZ Gen Y","Standard Blue",474.3132,9011.95
2020-12-01,A5119110303,43,"AQ BZ Gen Y","Standard Red",474.3154,20395.56
2020-12-01,A5119110305,45,"AQ BZ Gen Y","Plus Blue",483.3813,21752.16
2020-12-01,A5119110306,18,"AQ BZ Gen Y","Plus Red",486.4857,8756.74
2020-12-01,A5119110307,16,"AQ BZ Gen Y","Premium Black",516.4580,8263.33
2020-12-01,A5119110308,24,"AQ BZ Gen Y","Premium Misty Green",512.5811,12301.95
2020-12-01,A5219110401,35,"AQ BZ Gen Z","Standard Grey",506.9644,17743.75
2020-12-01,A5219110402,40,"AQ BZ Gen Z","Standard Blue",490.1582,19606.33
2020-12-01,A5219110403,35,"AQ BZ Gen Z","Standard Red",525.8042,18403.15
2020-12-01,A5219110405,41,"AQ BZ Gen Z","Plus Blue",521.2603,21371.67
2020-12-01,A5219110406,41,"AQ BZ Gen Z","Plus Red",550.4597,22568.85
2020-12-01,A5219110407,23,"AQ BZ Gen Z","Premium Black",545.5931,12548.64
2020-12-01,A5220110408,19,"AQ BZ Gen Z","Premium Misty Green",533.0397,10127.75
2020-12-01,A5318110103,18,"AQ Gamer 1","Standard Black",584.9722,10529.50
2020-12-01,A5318110104,16,"AQ Gamer 1","Plus Firey Red",586.3824,9382.12
2020-12-01,A5318110105,13,"AQ Gamer 1","Plus Cool Blue",551.3303,7167.29
2020-12-01,A5318110106,7,"AQ Gamer 1","Plus Black",565.8747,3961.12
2020-12-01,A5318110107,31,"AQ Gamer 1","Premium Black",571.6489,17721.12
2020-12-01,A5318110108,29,"AQ Gamer 1","Premium Misty Green",579.6609,16810.17
2020-12-01,A5419110201,22,"AQ Gamer 2","Standard Firey Red",585.0003,12870.01
2020-12-01,A5419110202,16,"AQ Gamer 2","Standard Cool Blue",567.9271,9086.83
2020-12-01,A5419110203,27,"AQ Gamer 2","Standard Black",595.5711,16080.42
2020-12-01,A5419110204,9,"AQ Gamer 2","Plus Firey Red",602.9200,5426.28
2020-12-01,A5419110205,25,"AQ Gamer 2","Plus Cool Blue",570.7578,14268.95
2020-12-01,A5419110206,7,"AQ Gamer 2","Plus Black",601.6398,4211.48
2020-12-01,A5419110207,6,"AQ Gamer 2","Premium Black",599.2302,3595.38
2020-12-01,A5419110208,9,"AQ Gamer 2","Premium Misty Green",608.4070,5475.66
2020-12-01,A5519110301,8,"AQ Gamer 3","Standard Firey Red",589.7411,4717.93
2020-12-01,A5519110302,30,"AQ Gamer 3","Standard Cool Blue",605.8642,18175.93
2020-12-01,A5519110303,30,"AQ Gamer 3","Standard Black",604.2721,18128.16
2020-12-01,A5519110304,25,"AQ Gamer 3","Plus Firey Red",597.7704,14944.26
2020-12-01,A5520110305,13,"AQ Gamer 3","Plus Cool Blue",632.4885,8222.35
2020-12-01,A5520110306,9,"AQ Gamer 3","Plus Black",639.6816,5757.13
2020-12-01,A5520110307,18,"AQ Gamer 3","Premium Black",609.7926,10976.27
2020-12-01,A5520110308,22,"AQ Gamer 3","Premium Misty Green",590.1159,12982.55
2020-12-01,A5620110401,11,"AQ Smash 1","Standard Firey Red",642.0698,7062.77
2020-12-01,A5620110402,17,"AQ Smash 1","Standard Cool Blue",593.8297,10095.10
2020-12-01,A5621110403,9,"AQ Smash 1","Standard Black",631.1855,5680.67
2020-12-01,A5621110404,25,"AQ Smash 1","Plus Firey Red",639.9614,15999.04
2020-12-01,A5621110405,25,"AQ Smash 1","Plus Cool Blue",601.8173,15045.43
2020-12-01,A5621110406,25,"AQ Smash 1","Plus Black",644.3777,16109.44
2020-12-01,A5621110407,19,"AQ Smash 1","Premium Black",655.7782,12459.79
2020-12-01,A5621110408,18,"AQ Smash 1","Premium Misty Green",657.2525,11830.55
2020-12-01,A5721110501,9,"AQ Smash 2","Standard Firey Red",649.6929,5847.24
2020-12-01,A5721110502,25,"AQ Smash 2","Standard Cool Blue",627.9938,15699.85
2020-12-01,A5721110503,24,"AQ Smash 2","Standard Black",678.3035,16279.28
2020-12-01,A5721110504,11,"AQ Smash 2","Plus Firey Red",655.8348,7214.18
2020-12-01,A5721110505,30,"AQ Smash 2","Plus Cool Blue",674.4272,20232.82
2020-12-01,A5721110506,21,"AQ Smash 2","Plus Black",720.5460,15131.47
2020-12-01,A5820110101,24,"AQ BZ Allin1","Standard 1",681.3022,16351.25
2020-12-01,A5820110102,13,"AQ BZ Allin1","Standard 2",697.5541,9068.20
2020-12-01,A5820110103,35,"AQ BZ Allin1","Standard 3",735.1465,25730.13
2020-12-01,A5820110104,41,"AQ BZ Allin1","Plus 1",690.4971,28310.38
2020-12-01,A5820110105,9,"AQ BZ Allin1","Plus 2",709.3926,6384.53
2020-12-01,A5820110106,35,"AQ BZ Allin1","Plus 3",692.5242,24238.35
2020-12-01,A5820110107,12,"AQ BZ Allin1","Premium 1",737.6775,8852.13
2020-12-01,A5821110108,51,"AQ BZ Allin1","Premium 2",746.7388,38083.68
2020-12-01,A6018110101,3,"AQ Home Allin1","Standard 1",800.4577,2401.37
2020-12-01,A6018110102,9,"AQ Home Allin1","Standard 2",764.0542,6876.49
2020-12-01,A6018110103,5,"AQ Home Allin1","Standard 3",770.9789,3854.89
2020-12-01,A6018110104,6,"AQ Home Allin1","Plus 1",749.0987,4494.59
2020-12-01,A6018110105,8,"AQ Home Allin1","Plus 2",766.6472,6133.18
2020-12-01,A6018110106,2,"AQ Home Allin1","Plus 3",787.5874,1575.17
2020-12-01,A6019110107,4,"AQ Home Allin1","Premium 1",785.9918,3143.97
2020-12-01,A6019110108,10,"AQ Home Allin1","Premium 2",796.6606,7966.61
2020-12-01,A6119110201,8,"AQ HOME Allin1 Gen 2","Standard 1",824.0889,6592.71
2020-12-01,A6119110202,9,"AQ HOME Allin1 Gen 2","Standard 2",790.1040,7110.94
2020-12-01,A6119110203,10,"AQ HOME Allin1 Gen 2","Standard 3",769.5635,7695.64
2020-12-01,A6119110204,6,"AQ HOME Allin1 Gen 2","Plus 1",807.2638,4843.58
2020-12-01,A6120110205,8,"AQ HOME Allin1 Gen 2","Plus 2",834.9812,6679.85
2020-12-01,A6120110206,4,"AQ HOME Allin1 Gen 2","Plus 3",810.6034,3242.41
2020-12-01,A6218160101,341,"AQ Digit SSD",Standard,13.5941,4635.59
2020-12-01,A6218160102,1247,"AQ Digit SSD",Plus,15.2481,19014.38
2020-12-01,A6219160103,1393,"AQ Digit SSD",Premium,16.3003,22706.32
2020-12-01,A6319160201,782,"AQ Neuer SSD",Standard,17.3590,13574.74
2020-12-01,A6319160202,1715,"AQ Neuer SSD",Plus,18.5733,31853.21
2020-12-01,A6319160203,438,"AQ Neuer SSD",Premium,19.3433,8472.37
2020-12-01,A6419160301,1348,"AQ Clx1",Standard,17.8043,24000.20
2020-12-01,A6419160302,943,"AQ Clx1",Plus,19.6723,18550.98
2020-12-01,A6419160303,1662,"AQ Clx1",Premium,19.3342,32133.44
2020-12-01,A6519160401,539,"AQ Clx2",Standard,20.2889,10935.72
2020-12-01,A6520160402,195,"AQ Clx2",Plus,20.1650,3932.18
2020-12-01,A6520160403,839,"AQ Clx2",Premium,21.2830,17856.44
2020-12-01,A6620160501,1127,"AQ Clx3",Standard,22.8530,25755.33
2020-12-01,A6720160103,703,"AQ Pen Drive 2 IN 1",Premium,4.4411,3122.09
2020-12-01,A6818160201,2085,"AQ Pen Drive DRC",Standard,2.9990,6252.92
2020-12-01,A6818160202,722,"AQ Pen Drive DRC",Plus,3.8531,2781.94
2020-12-01,A6819160203,1394,"AQ Pen Drive DRC",Premium,5.0984,7107.17
2020-12-01,A7118160101,1218,"AQ Wi Power Dx1",Standard,29.6712,36139.52
2020-12-01,A7119160102,697,"AQ Wi Power Dx1",Plus,29.9264,20858.70
2020-12-01,A7119160103,293,"AQ Wi Power Dx1",Premium,28.7736,8430.66
2020-12-01,A7219160201,531,"AQ Wi Power Dx2",Standard,32.9575,17500.43
2020-12-01,A7220160202,1083,"AQ Wi Power Dx2",Plus,35.2053,38127.34
2020-12-01,A7220160203,132,"AQ Wi Power Dx2",Premium,37.4784,4947.15
2020-12-01,A7321160301,135,"AQ Wi Power Dx3",Standard,40.7954,5507.38
